Title,Authors,Contributors,ISBN/UID,Format,Read Status,Date Added,Last Date Read,Dates Read,Read Count,Moods,Pace,Character- or Plot-Driven?,Strong Character Development?,Loveable Characters?,Diverse Characters?,Flawed Characters?,Star Rating,Review,Content Warnings,Content Warning Description,Tags,Owned?
Baby Ninth Amendments: How Americans Embraced Unenumerated Rights and Why It Matters,Anthony B Sanders,"",9780472903498,digital,read,2026/07/31,2026/07/31,2026/07/31,1,"",,,,,,,5.0,"","","","",No
The Wise Man's Fear,Patrick Rothfuss,"",9780756404734,hardcover,read,2024/03/03,2013/11/11,2013/11/11,1,"",,,,,,,5.0,,"",,"",No
How to Love,Thích Nhất Hạnh,Jason Deantonis (Illustrator),9781937006884,paperback,read,2024/03/12,2022/04/08,2022/04/08,1,"",,,,,,,,,"",,"",No
Dark Territory: The Secret History of Cyber War,Fred Kaplan,"",9781476763255,hardcover,read,2024/03/06,2016/09/13,2016/09/13,1,"",,,,,,,,,"",,"",No
Plagues and Peoples,William H. McNeill,"",9780385121224,paperback,read,2024/03/11,2020/09/15,2020/09/15,1,"",,,,,,,,,"",,"",No
Concrete Economics: The Hamilton Approach to Economic Growth and Policy,"J. Bradford DeLong, Stephen S. Cohen","",9781422189825,digital,read,2024/03/04,2016/03/27,2016/03/27,1,"",,,,,,,,,"",,"",No
A Game of Thrones,George R.R. Martin,"",9780553588484,paperback,read,2024/03/02,2011/07/09,2011/07/09,1,"",,,,,,,5.0,,"",,"",No
"Mitre and Sceptre: Transatlantic Faiths, Ideas, Personalities, and Politics, 1689-1775",Carl Bridenbaugh,"",9780195007473,paperback,read,2025/05/12,2025/05/12,2025/05/12,1,"",,,,,,,,,"",,"",No
A New Program for Graphic Design,David Reinfurt,"",9781941753217,paperback,read,2024/03/11,2020/01/11,2020/01/11,1,"",,,,,,,,,"",,"",No
Killers of the Flower Moon: The Osage Murders and the Birth of the FBI,David Grann,"",9780593470831,paperback,read,2024/03/12,2022/03/08,2022/03/08,1,"",,,,,,,5.0,,"",,"",No
W. E. B. Du Bois's Data Portraits: Visualizing Black America,"Britt Rusert, Whitney Battle-Baptiste","Aldon Morris (Contributor), Silas Munro (Contributor), Mabel O. Wilson (Contributor)",9781616897062,hardcover,read,2024/03/10,2019/09/21,2019/09/21,1,"",,,,,,,,,"",,"",No
On Bullshit,Harry G. Frankfurt,"",9780691122946,hardcover,read,2024/03/08,2018/05/05,2018/05/05,1,"",,,,,,,,,"",,"",No
Far Sector,N.K. Jemisin,Jamal Campbell (Illustrator),B09GL3Q4Q2,digital,read,2024/08/28,2024/08/28,2024/08/28,1,"",,,,,,,,,"",,"",No
"The Ghost Map: The Story of London's Most Terrifying Epidemic—and How It Changed Science, Cities, and the Modern World",Steven Johnson,"",9781594489259,hardcover,read,2024/03/02,2011/01/02,2011/01/02,1,"",,,,,,,,,"",,"",No
The Hunger Games,Suzanne Collins,"",9780439023481,hardcover,read,2024/03/02,2010/09/21,2010/09/21,1,"",,,,,,,5.0,,"",,"",No
Psychology: The Briefer Course,William James,"",9780486416045,paperback,read,2024/03/12,2022/02/15,2022/02/15,1,"",,,,,,,,,"",,"",No
Little Pink House: A True Story of Defiance and Courage,Jeff Benedict,"",9780446508629,hardcover,read,2024/03/02,2009/04/18,2009/04/18,1,"",,,,,,,,,"",,"",No
Mockingjay,Suzanne Collins,"",9780439023511,hardcover,read,2024/03/02,2010/11/08,2010/11/08,1,"",,,,,,,5.0,,"",,"",No
"Democratic Justice: Felix Frankfurter, the Supreme Court, and the Making of the Liberal Establishment",Brad Snyder,"",9781324004875,hardcover,read,2026/07/08,2026/07/07,2026/07/07,1,"",,,,,,,5.0,"","","","",No
Willpower: Rediscovering the Greatest Human Strength,Roy F. Baumeister,John Tierney,9781594203077,hardcover,read,2024/03/03,2014/01/12,2014/01/12,1,"",,,,,,,,,"",,"",No
The New Jim Crow: Mass Incarceration in the Age of Colorblindness,Michelle Alexander,Karen Chilton (Narrator),9780141991313,audio,read,2024/03/08,2017/08/25,2017/08/25,1,"",,,,,,,5.0,,"",,"",No
Medieval Technology and Social Change,Lynn Jr. White,"",9780195002669,paperback,read,2024/03/12,2022/03/29,2022/03/29,1,"",,,,,,,,,"",,"",No
Democrazia e ignoranza politica: Perché uno Stato più snello sbaglia di meno,Ilya Somin,"",9780804786614,digital,read,2024/03/04,2016/07/02,2016/07/02,1,"",,,,,,,,,"",,"",No
The Logic of Failure: Recognizing and Avoiding Error in Complex Situations,Dietrich Dorner,"",9780201479485,paperback,read,2024/03/12,2022/02/15,2022/02/15,1,"",,,,,,,,,"",,"",No
Ruin and Rising,Leigh Bardugo,"","",paperback,read,2024/03/12,2021/12/05,2021/12/05,1,"",,,,,,,,,"",,"",No
"Tomorrow's Table: Organic Farming, Genetics, and the Future of Food","Pamela C. Ronald, Raoul W. Adamchak","",9780199342082,paperback,read,2024/03/02,2010/10/08,2010/10/08,1,"",,,,,,,,,"",,"",No
Black Spartacus: The Epic Life of Toussaint Louverture,Sudhir Hazareesingh,"",9780241293812,hardcover,read,2024/03/12,2022/01/08,2022/01/08,1,"",,,,,,,,,"",,"",No
CorkScrew Solutions: The 4-Step Thinking Trick Winston Churchill Used to Tackle His Gnarliest Problems,"Clarke Ching, Clarke Ching","",,,read,2024/03/12,2021/05/24,2021/05/24,1,"",,,,,,,,,"",,"",No
"Old Whigs: Burke, Lincoln, and the Politics of Prudence",Greg Weiner,"",9781641770507,hardcover,read,2024/03/12,2021/06/17,2021/06/17,1,"",,,,,,,,,"",,"",No
Spheres of Justice: A Defense of Pluralism and Equality,Michael Walzer,"",9780465081899,paperback,read,2024/03/10,2019/09/24,2019/09/24,1,"",,,,,,,,,"",,"",No
Annabel Scheme,Robin Sloan,"",9781978630116,audio,read,2024/03/03,2013/10/15,2013/10/15,1,"",,,,,,,,,"",,"",No
The Gemini Effect,Chuck Grossart,"",9781501210167,audio,read,2024/03/04,2015/07/22,2015/07/22,1,"",,,,,,,,,"",,"",No
Society of Mind,Marvin Minsky,"",9780671657130,paperback,read,2024/03/10,2019/07/20,2019/07/20,1,"",,,,,,,,,"",,"",No
"Bonhoeffer: Pastor, Martyr, Prophet, Spy",Eric Metaxas,Timothy Keller (Contributor),9781595551382,hardcover,read,2024/03/06,2016/12/19,2016/12/19,1,"",,,,,,,,,"",,"",No
The Woman in the Dunes,Kōbō Abe,"E. Dale Saunders (Translator), Machi Abe (Illustrator)",9780679733782,paperback,read,2024/03/10,2019/12/19,2019/12/19,1,"",,,,,,,,,"",,"",No
Renegades,Marissa Meyer,"",9781250044662,hardcover,read,2024/03/09,2018/11/05,2018/11/05,1,"",,,,,,,,,"",,"",No
The End of the Free Market: Who Wins the War Between States and Corporations?,Ian Bremmer,"",9781591843016,hardcover,read,2024/03/04,2015/04/19,2015/04/19,1,"",,,,,,,,,"",,"",No
The Original Meaning of the Fourteenth Amendment: Its Letter and Spirit,"James Oakes, Evan D. Bernick, Randy E. Barnett","",9780674257764,hardcover,read,2025/01/07,2025/01/07,2025/01/07,1,"",,,,,,,5.0,,"",,"",No
The Death of Ivan Illych,"Leo Tolstoy, Leo Tolstoy, Leo Tolstoy","","",,read,2024/03/06,2017/03/28,2017/03/28,1,"",,,,,,,,,"",,"",No
Land the Tech Job You Love,Andy Lester,"",9781934356265,paperback,read,2024/03/02,2009/12/15,2009/12/15,1,"",,,,,,,,,"",,"",No
Wilmington's Lie: The Murderous Coup of 1898 and the Rise of White Supremacy,David Zucchino,"",9780802128386,hardcover,read,2024/03/12,2021/08/06,2021/08/06,1,"",,,,,,,5.0,,"",,"",No
A World Without Email,Cal Newport,"",9780525536550,hardcover,read,2024/03/12,2022/02/02,2022/02/02,1,"",,,,,,,,,"",,"",No
Obama: From Promise to Power,David Mendell,"",9780060858209,hardcover,read,2024/03/01,2008/11/29,2008/11/29,1,"",,,,,,,,,"",,"",No
I Dread the Thought of the Place: The Battle of Antietam and the End of the Maryland Campaign,D. Scott Hartwig,"",9781421446592,hardcover,read,2025/08/25,2025/08/25,2025/08/25,1,"",,,,,,,5.0,,"",,"",No
Becoming Justice Blackmun: Harry Blackmun's Supreme Court Journey,Linda Greenhouse,"",9780805080575,paperback,read,2024/03/01,2008/06/29,2008/06/29,1,"",,,,,,,,,"",,"",No
The Economic Consequences of the Peace,John Maynard Keynes,"",9781426489099,paperback,read,2024/03/13,2023/02/24,2023/02/24,1,"",,,,,,,,,"",,"",No
"Gideon's Trumpet: How One Man, a Poor Prisoner, Took His Case to the Supreme Court-And Changed the Law of the United States",Anthony Lewis,"",9780679723127,paperback,read,2024/03/03,2014/12/08,2014/12/08,1,"",,,,,,,5.0,,"",,"",No
Ask Your Developer: How to Harness the Power of Software Developers and Win in the 21st Century,Jeff Lawson,Eric Ries (Contributor),9780063018303,digital,read,2024/03/12,2021/01/26,2021/01/26,1,"",,,,,,,,,"",,"",No
"The Dilbert Principle: A Cubicle's-Eye View of Bosses, Meetings, Management Fads & Other Workplace Afflictions",Scott Adams,"",9780887308581,paperback,read,2024/03/02,2011/03/09,2011/03/09,1,"",,,,,,,,,"",,"",No
Mercury Rises,Robert Kroese,"",9781612180861,paperback,read,2024/03/03,2012/01/10,2012/01/10,1,"",,,,,,,,,"",,"",No
Blackwater: The Rise of the World's Most Powerful Mercenary Army,Jeremy Scahill,"",9781560259794,hardcover,read,2024/03/02,2009/02/24,2009/02/24,1,"",,,,,,,,,"",,"",No
Slapboxing with Jesus,Victor LaValle,"",9780375705908,paperback,read,2024/03/06,2017/01/11,2017/01/11,1,"",,,,,,,,,"",,"",No
The Art of Project Management,Scott Berkun,"",9780596007867,paperback,read,2024/03/02,2009/09/22,2009/09/22,1,"",,,,,,,,,"",,"",No
"The Cultural Revolution: A People's History, 1962-1976",Frank Dikötter,"",9781632864215,hardcover,read,2024/03/08,2017/12/16,2017/12/16,1,"",,,,,,,,,"",,"",No
All Systems Red,Martha Wells,"",9781250214713,hardcover,read,2024/03/09,2018/08/24,2018/08/24,1,"",,,,,,,5.0,,"",,"",No
"Joseph Smith for President: The Prophet, the Assassins, and the Fight for American Religious Freedom",Spencer W. McBride,"",9780190909413,hardcover,read,2024/03/13,2022/11/04,2022/11/04,1,"",,,,,,,5.0,,"",,"",No
A Deep Dive Into Agile: A Collection of White Papers from Menlo Innovations,Lisamarie Babik,"",9780982531914,,read,2024/03/02,2010/02/23,2010/02/23,1,"",,,,,,,,,"",,"",No
Separate and Unequal: The Kerner Commission and the Unraveling of American Liberalism,Steven M. Gillon,"",9780465096084,hardcover,read,2024/03/11,2020/07/12,2020/07/12,1,"",,,,,,,,,"",,"",No
Zen Pencils: Creative Struggle,Gavin Aung Than,"",9781449487225,paperback,read,2024/03/08,2018/01/28,2018/01/28,1,"",,,,,,,,,"",,"",No
Lucretia and the Kroons,Victor LaValle,"",9780812984378,digital,read,2024/03/05,2016/08/03,2016/08/03,1,"",,,,,,,5.0,,"",,"",No
Gutenberg the Geek,Jeff Jarvis,"",B007EI62I0,digital,read,2024/03/03,2012/04/03,2012/04/03,1,"",,,,,,,,,"",,"",No
"Bearing the Cross: Martin Luther King, JR., and the Southern Christian Leadership Conference",David J. Garrow,"",9780688166328,paperback,read,2024/03/11,2020/06/19,2020/06/19,1,"",,,,,,,,,"",,"",No
Alexander's Bridge,Willa Cather,"",9781600965562,paperback,read,2024/03/06,2016/09/27,2016/09/27,1,"",,,,,,,,,"",,"",No
Sourdough,Robin Sloan,"",9780374203108,hardcover,read,2024/03/08,2017/09/10,2017/09/10,1,"",,,,,,,5.0,,"",,"",No
Digital Minimalism: Choosing a Focused Life in a Noisy World,Cal Newport,"","",digital,read,2024/03/11,2020/06/26,2020/06/26,1,"",,,,,,,,,"",,"",No
The 2020 Commission Report on the North Korean Nuclear Attacks Against the United States,Jeffrey Lewis,"",9781328573919,paperback,read,2024/03/09,2018/09/23,2018/09/23,1,"",,,,,,,,,"",,"",No
H.P. Lovecraft Short Stories,H.P. Lovecraft,"",9781788284059,hardcover,read,2024/03/02,2009/08/20,2009/08/20,1,"",,,,,,,,,"",,"",No
"You Can't Screw This Up: Why Eating Takeout, Enjoying Dessert, and Taking the Stress Out of Dieting Leads to Weight Loss That Lasts",Adam Bornstein,"",9780063230576,hardcover,read,2024/03/10,2023/06/18,2023/06/18,1,"",,,,,,,,,"",,"",No
The Three-Body Problem,Cixin Liu,Ken Liu (Translator),9780765377067,hardcover,read,2024/03/11,2020/05/31,2020/05/31,1,"",,,,,,,5.0,,"",,"",No
Hell Yeah or No: What's Worth Doing,Derek Sivers,"","",digital,read,2024/03/11,2020/09/07,2020/09/07,1,"",,,,,,,,,"",,"",No
Locking Up Our Own: Crime and Punishment in Black America,James Forman Jr.,"",9780374712907,digital,read,2024/03/09,2018/08/02,2018/08/02,1,"",,,,,,,,,"",,"",No
A Stillness at Appomattox,Bruce Catton,"",9780385044516,paperback,read,2024/03/12,2021/07/13,2021/07/13,1,"",,,,,,,,,"",,"",No
The Souls of Yellow Folk: Essays,Wesley Yang,"",9780393357554,paperback,read,2024/03/10,2019/11/11,2019/11/11,1,"",,,,,,,5.0,,"",,"",No
First in Peace: How George Washington Set the Course for America,"Conor Cruise O'Brien, Christopher Hitchens","",,,read,2024/03/08,2017/11/25,2017/11/25,1,"",,,,,,,,,"",,"",No
Chosen Ones,Veronica Roth,"",9780358164081,hardcover,read,2024/03/13,2022/09/10,2022/09/10,1,"",,,,,,,,,"",,"",No
The Sword of Shannara,Terry Brooks,"",9781857231519,paperback,read,2024/03/10,2019/08/24,2019/08/24,1,"",,,,,,,,,"",,"",No
Uncommon Sense Teaching: Practical Insights in Brain Science to Help Students Learn,"Terrence J. Sejnowski, Beth Rogowsky, Barbara Oakley","",9780593329733,paperback,read,2024/03/12,2021/09/25,2021/09/25,1,"",,,,,,,,,"",,"",No
Severance,Ling Ma,"",9780374261597,hardcover,read,2024/03/10,2019/12/27,2019/12/27,1,"",,,,,,,,,"",,"",No
The Moon Is Always Female: Poems,Marge Piercy,"",9780394738598,paperback,read,2024/03/02,2011/06/14,2011/06/14,1,"",,,,,,,,,"",,"",No
"You Say More Than You Think: Use the New Body Language to Get What You Want!, the 7-day Plan","Mariska Van Aalst, Janine Driver, Janine Driver","",9780307453976,hardcover,read,2024/03/02,2011/03/25,2011/03/25,1,"",,,,,,,,,"",,"",No
Burning Down the House: How Libertarian Philosophy Was Corrupted by Delusion and Greed,Andrew Koppelman,"",9781250280138,hardcover,read,2024/03/13,2023/03/13,2023/03/13,1,"",,,,,,,,,"",,"",No
The American Democrat,James Fenimore Cooper,"",9780913966921,paperback,read,2024/03/09,2018/12/08,2018/12/08,1,"",,,,,,,,,"",,"",No
The Way of Kings,Brandon Sanderson,"",9780765326355,hardcover,read,2024/03/12,2021/10/14,2021/10/14,1,"",,,,,,,,,"",,"",No
The Monsters of Templeton,Lauren Groff,"",9780434017843,hardcover,read,2024/03/02,2010/08/02,2010/08/02,1,"",,,,,,,,,"",,"",No
"The Gardens of Democracy: A New American Story of Citizenship, the Economy, and the Role of Government","Eric Liu, Nick Hanauer","",9781570618239,hardcover,read,2024/03/03,2012/04/03,2012/04/03,1,"",,,,,,,5.0,,"",,"",No
Making Money,Terry Pratchett,"",9780061161643,hardcover,read,2024/03/02,2009/02/04,2009/02/04,1,"",,,,,,,,,"",,"",No
Edgedancer,Brandon Sanderson,"",9781250166548,hardcover,read,2024/07/20,2024/07/20,2024/07/20,1,"",,,,,,,5.0,,"",,"",No
The Torch,Jack Bechdolt,"",9781938536021,digital,read,2024/03/03,2012/09/27,2012/09/27,1,"",,,,,,,,,"",,"",No
In Fed We Trust: Ben Bernanke's War on the Great Panic,David Wessel,"",9780307459695,paperback,read,2024/03/02,2010/07/26,2010/07/26,1,"",,,,,,,,,"",,"",No
Reflections on a Ravaged Century,Robert Conquest,"",9780393320862,paperback,read,2024/03/04,2015/12/06,2015/12/06,1,"",,,,,,,,,"",,"",No
A Deepness in the Sky,Vernor Vinge,"",9780812536355,paperback,read,2024/03/01,2008/10/25,2008/10/25,1,"",,,,,,,5.0,,"",,"",No
Moyers on Democracy,Bill Moyers,"",9780385523806,hardcover,read,2024/03/02,2011/06/04,2011/06/04,1,"",,,,,,,,,"",,"",No
Girl on a Wire,Gwenda Bond,"",,paperback,read,2024/03/04,2015/09/02,2015/09/02,1,"",,,,,,,,,"",,"",No
Influence: The Psychology of Persuasion,Robert B. Cialdini,"",9780061241895,paperback,read,2024/03/08,2017/05/20,2017/05/20,1,"",,,,,,,5.0,,"",,"",No
"The Rise and Fall of the Second American Republic: Reconstruction, 1860-1920",Manisha Sinha,"",9781631498442,hardcover,read,2024/06/21,2024/06/21,2024/06/21,1,"",,,,,,,,,"",,"",No
Batman: The Dark Knight Returns,Frank Miller,"Lynn Varley, Klaus Janson",9781563893414,hardcover,read,2024/03/01,2008/07/08,2008/07/08,1,"",,,,,,,5.0,,"",,"",No
Collision Low Crossers: A Year Inside the Turbulent World of NFL Football,Nicholas Dawidoff,"",9780316196796,digital,read,2024/03/04,2015/01/24,2015/01/24,1,"",,,,,,,,,"",,"",No
Ten Lessons for a Post-Pandemic World,Fareed Zakaria,"",9780393542141,digital,read,2024/03/11,2020/10/20,2020/10/20,1,"",,,,,,,,,"",,"",No
The Law of Nines,Terry Goodkind,"",9780399156045,hardcover,read,2024/03/02,2010/01/13,2010/01/13,1,"",,,,,,,,,"",,"",No
Docs for Developers: An Engineer's Field Guide to Technical Writing,"Zachary Sarah Corleissen, David Núñez, Jen Lambourne, Jared Bhatti, Heidi Waterhouse","",9781484272169,paperback,read,2024/03/12,2021/12/13,2021/12/13,1,"",,,,,,,,,"",,"",No
Wiser: Getting Beyond Groupthink to Make Groups Smarter,"Cass R. Sunstein, Reid Hastie","",9781422122990,hardcover,read,2024/03/04,2015/02/06,2015/02/06,1,"",,,,,,,,,"",,"",No
Unbreakable,Kami Garcia,"",9780316210171,hardcover,read,2024/03/03,2013/11/20,2013/11/20,1,"",,,,,,,,,"",,"",No
The Court of the Air,Stephen Hunt,"",9780007232185,paperback,read,2024/03/02,2010/12/27,2010/12/27,1,"",,,,,,,,,"",,"",No
Stop Stealing Dreams,Seth Godin,"","",digital,read,2024/03/03,2012/03/02,2012/03/02,1,"",,,,,,,,,"",,"",No
"The Anarchy: The East India Company, Corporate Violence, and the Pillage of an Empire",William Dalrymple,"",9781635573954,hardcover,read,2024/03/13,2022/10/28,2022/10/28,1,"",,,,,,,5.0,,"",,"",No
The Mercy of Gods,James S.A. Corey,"",9780316525572,hardcover,read,2026/01/18,2026/01/03,2026/01/03,1,"",,,,,,,,,"",,"",No
Full Black,Brad Thor,"",9781416586616,hardcover,read,2024/03/10,2019/07/20,2019/07/20,1,"",,,,,,,,,"",,"",No
VALIS,Philip K. Dick,"",9780679734468,paperback,read,2024/03/01,2008/11/23,2008/11/23,1,"",,,,,,,,,"",,"",No
Simple: Conquering the Crisis of Complexity,"Alan Siegel, Irene Etzkorn","",9781455509669,hardcover,read,2024/03/03,2013/12/21,2013/12/21,1,"",,,,,,,,,"",,"",No
A Little History of the World,E.H. Gombrich,Clifford Harper (Illustrator),9780300108835,hardcover,read,2024/03/08,2018/04/12,2018/04/12,1,"",,,,,,,,,"",,"",No
"Fatal Invention: How Science, Politics, and Big Business Re-create Race in the Twenty-First Century",Dorothy Roberts,"",9781595584953,hardcover,read,2024/03/10,2019/09/24,2019/09/24,1,"",,,,,,,,,"",,"",No
The Monarchy of Fear: A Philosopher Looks at Our Political Crisis,Martha C. Nussbaum,"",9781501172496,hardcover,read,2024/03/09,2018/10/02,2018/10/02,1,"",,,,,,,,,"",,"",No
The Contrarian: Peter Thiel and Silicon Valley's Pursuit of Power,Max Chafkin,"",B08T236GWQ,digital,read,2024/03/13,2022/12/31,2022/12/31,1,"",,,,,,,,,"",,"",No
The Singularity Is Near: When Humans Transcend Biology,Ray Kurzweil,"",9780143037880,paperback,read,2024/03/02,2011/02/24,2011/02/24,1,"",,,,,,,,,"",,"",No
The Penguin and the Leviathan: How Cooperation Triumphs over Self-Interest,Yochai Benkler,"","",digital,read,2024/03/03,2013/10/12,2013/10/12,1,"",,,,,,,,,"",,"",No
The Nickel Boys,Colson Whitehead,"",9780385537087,digital,read,2024/03/12,2021/11/01,2021/11/01,1,"",,,,,,,5.0,,"",,"",No
"Waging a Good War: A Military History of the Civil Rights Movement, 1954-1968",Thomas E. Ricks,"",9780374605162,hardcover,read,2024/03/10,2023/12/05,2023/12/05,1,"",,,,,,,,,"",,"",No
The Wisdom of No Escape: How to Love Yourself and Your World,Pema Chödrön,"",9780007190614,paperback,read,2024/03/08,2018/06/29,2018/06/29,1,"",,,,,,,,,"",,"",No
"Teenage Mutant Ninja Turtles: The Ultimate Collection, Vol. 1","Kevin Eastman, Peter Laird","",9781631409905,paperback,read,2024/03/13,2022/12/10,2022/12/10,1,"",,,,,,,5.0,,"",,"",No
The Long Tail: Why the Future of Business Is Selling Less of More,Chris Anderson,"",9781401309664,paperback,read,2024/03/02,2011/01/31,2011/01/31,1,"",,,,,,,,,"",,"",No
On Freedom,Timothy Snyder,"",9780593728727,hardcover,read,2024/10/25,2024/10/25,2024/10/25,1,"",,,,,,,,,"",,"",No
The Sense of an Ending,Julian Barnes,"",9780224094153,hardcover,read,2024/03/04,2016/06/04,2016/06/04,1,"",,,,,,,,,"",,"",No
Underground Airlines,Ben H. Winters,"",9780316261258,paperback,read,2024/03/06,2016/11/02,2016/11/02,1,"",,,,,,,5.0,,"",,"",No
"American Insurgents, American Patriots: The Revolution of the People",T.H. Breen,"",9780809075881,hardcover,read,2024/03/12,2022/03/22,2022/03/22,1,"",,,,,,,5.0,,"",,"",No
"The Divider: Trump in the White House, 2017-2021","Susan Glasser, Peter Baker","",9780385546546,digital,read,2024/03/13,2022/10/20,2022/10/20,1,"",,,,,,,,,"",,"",No
Northern Light: Lessons for America from Canada's Fiscal Fix,Brian Lee Crowley,Robert P. Murphy,"",,read,2024/03/03,2012/12/10,2012/12/10,1,"",,,,,,,,,"",,"",No
To the Promised Land: Martin Luther King and the Fight for Economic Justice,Michael K. Honey,"",9780393356731,paperback,read,2024/03/10,2019/04/20,2019/04/20,1,"",,,,,,,,,"",,"",No
"The Science of Liberty: Democracy, Reason and the Laws of Nature",Timothy Ferris,"",,paperback,read,2024/03/02,2010/05/30,2010/05/30,1,"",,,,,,,,,"",,"",No
The Second Creation: Fixing the American Constitution in the Founding Era,Jonathan Gienapp,"",9780674185043,hardcover,read,2024/08/27,2024/08/27,2024/08/27,1,"",,,,,,,,,"",,"",No
Peculiar Institution: Slavery in the Ante-Bellum South,Kenneth M. Stampp,"",9780679723073,paperback,read,2024/03/11,2020/11/05,2020/11/05,1,"",,,,,,,,,"",,"",No
Small Fry and Other Stories,Anton Chekhov,Stephen Pimenoff (Translator),9781847498847,paperback,read,2024/03/10,2024/02/02,2024/02/02,1,"",,,,,,,,,"",,"",No
"Good Morning, Midnight",Lily Brooks-Dalton,"",9780812998900,digital,read,2024/03/11,2020/07/08,2020/07/08,1,"",,,,,,,,,"",,"",No
Homecoming,Jack McKinney,"",9780345341365,,read,2024/03/08,2017/09/27,2017/09/27,1,"",,,,,,,,,"",,"",No
Tao Te Ching: a New Translation By Gia-Fu Feng and Jane English,Lao Tzu,"Jane English (Translator), Gia-Fu Feng (Translator)",39471833X,hardcover,read,2024/03/02,2009/07/08,2009/07/08,1,"",,,,,,,,,"",,"",No
Midlife: A Philosophical Guide,Kieran Setiya,"",9780691173931,hardcover,read,2024/03/12,2022/08/31,2022/08/31,1,"",,,,,,,,,"",,"",No
Originals: How Non-Conformists Move the World,Adam Grant,"",9780525429562,hardcover,read,2024/03/09,2018/08/28,2018/08/28,1,"",,,,,,,,,"",,"",No
Doomsday,Jack McKinney,"",9780345341396,paperback,read,2024/03/08,2017/09/30,2017/09/30,1,"",,,,,,,,,"",,"",No
Non Violent Communication A Language of Life,Marshall B. Rosenberg,Deepak Chopra (Contributor),"",paperback,read,2024/03/10,2019/04/27,2019/04/27,1,"",,,,,,,,,"",,"",No
Alif the Unseen,G. Willow Wilson,"",9780802120205,hardcover,read,2024/03/11,2020/02/10,2020/02/10,1,"",,,,,,,,,"",,"",No
Black Earth: The Holocaust as History and Warning,Timothy Snyder,"",9781101903452,hardcover,read,2024/03/06,2017/03/10,2017/03/10,1,"",,,,,,,,,"",,"",No
Blackthorne,Stina Leicht,"",9781481427821,digital,read,2024/03/08,2018/01/14,2018/01/14,1,"",,,,,,,,,"",,"",No
Bomb Power: The Modern Presidency and the National Security State,Garry Wills,"",9781594202407,hardcover,read,2024/03/03,2014/06/08,2014/06/08,1,"",,,,,,,5.0,,"",,"",No
How Medicaid Fails the Poor,Avik Roy,"",9781594037528,paperback,read,2024/03/03,2014/02/07,2014/02/07,1,"",,,,,,,,,"",,"",No
Barnum: An American Life,Robert Wilson,"",9781501118623,hardcover,read,2024/03/10,2023/12/17,2023/12/17,1,"",,,,,,,,,"",,"",No
Expert Political Judgment: How Good Is It? How Can We Know?,Philip E. Tetlock,"",,,read,2024/03/04,2015/10/29,2015/10/29,1,"",,,,,,,,,"",,"",No
The Righteous Mind: Why Good People Are Divided by Politics and Religion,Jonathan Haidt,"",9781846145711,digital,read,2024/03/04,2016/04/22,2016/04/22,1,"",,,,,,,5.0,,"",,"",No
How to Hide an Empire,Daniel Immerwahr,"",9780374172145,hardcover,read,2024/03/10,2019/11/03,2019/11/03,1,"",,,,,,,,,"",,"",No
North American Lake Monsters,Nathan Ballingrud,"",9781618730596,hardcover,read,2024/03/12,2022/08/20,2022/08/20,1,"",,,,,,,,,"",,"",No
Children of Blood and Bone,Tomi Adeyemi,"",9781250170972,hardcover,read,2024/03/08,2018/06/17,2018/06/17,1,"",,,,,,,,,"",,"",No
This Republic of Suffering: Death and the American Civil War,Drew Gilpin Faust,"",9780375404047,hardcover,read,2024/03/04,2016/05/01,2016/05/01,1,"",,,,,,,,,"",,"",No
Be Useful: Seven Tools for Life,Arnold Schwarzenegger,"",9780593655955,hardcover,read,2024/03/10,2023/11/11,2023/11/11,1,"",,,,,,,,,"",,"",No
The Girl Who Kicked the Hornet's Nest,Stieg Larsson,Reg Keeland (Translator),9780307269997,hardcover,read,2024/03/02,2011/01/09,2011/01/09,1,"",,,,,,,,,"",,"",No
Fidelity: Five stories,Wendell Berry,"",9780679748311,paperback,read,2024/03/09,2018/09/18,2018/09/18,1,"",,,,,,,5.0,,"",,"",No
Double Down: Game Change 2012,Mark Halperin,John Heilemann,9781594204401,hardcover,read,2024/03/03,2014/06/07,2014/06/07,1,"",,,,,,,,,"",,"",No
The Great Leveler: Violence and the History of Inequality from the Stone Age to the Twenty-First Century,Walter Scheidel,"",9780691165028,hardcover,read,2024/03/11,2020/10/16,2020/10/16,1,"",,,,,,,,,"",,"",No
Adventure Time: The Enchiridion & Marcy's Super Secret Scrapbook!!!,"Sean Tejaratchi, Aisleen Romano, Martin Olson, Celeste Moreno, Renée French, Mahendra Singh, Tony Millionaire, Cartoon Network","",9781419704499,hardcover,read,2024/03/13,2022/09/23,2022/09/23,1,"",,,,,,,,,"",,"",No
The Bill of Rights: Creation and Reconstruction,Akhil Reed Amar,"",9780300082777,paperback,read,2025/07/06,2025/07/06,2025/07/06,1,"",,,,,,,,,"",,"",No
Dune,Frank Herbert,"",9780593099322,hardcover,read,2024/03/11,2020/07/13,2020/07/13,1,"",,,,,,,,,"",,"",No
Chicago,Studs Terkel,"",9785551545682,hardcover,read,2024/03/10,2019/09/21,2019/09/21,1,"",,,,,,,,,"",,"",No
Fragile Things: Short Fictions and Wonders,Neil Gaiman,"",9780060515225,hardcover,read,2024/03/01,2008/06/08,2008/06/08,1,"",,,,,,,,,"",,"",No
The Education of Henry Adams,Henry Adams,"",9781406802788,paperback,read,2024/03/01,2008/06/22,2008/06/22,1,"",,,,,,,,,"",,"",No
Quiet: The Power of Introverts in a World That Can't Stop Talking,Susan Cain,"",9780307352149,hardcover,read,2024/03/12,2021/11/03,2021/11/03,1,"",,,,,,,,,"",,"",No
Renegade: The Making of a President,Richard Wolffe,"",9780307463128,hardcover,read,2024/03/03,2011/11/01,2011/11/01,1,"",,,,,,,,,"",,"",No
"Goodbye, Again: Essays, Reflections, and Illustrations",Jonny Sun,"",9780062880857,hardcover,read,2024/03/12,2021/05/12,2021/05/12,1,"",,,,,,,,,"",,"",No
The Return of the King,J.R.R. Tolkien,"",9780008537746,paperback,read,2024/03/08,2017/07/25,2017/07/25,1,"",,,,,,,5.0,,"",,"",No
"Everyone Who Is Gone Is Here: The United States, Central America, and the Making of a Crisis",Jonathan Blitzer,"",9781984880802,hardcover,read,2024/12/30,2024/12/30,2024/12/30,1,"",,,,,,,,,"",,"",No
Prisoner of the State: The Secret Journal of Premier Zhao Ziyang,Zhao Ziyang,"Renee Chiang, Bao Pu, Adi Ignatius",9781439149386,hardcover,read,2024/03/02,2009/07/16,2009/07/16,1,"",,,,,,,,,"",,"",No
Genesis,Jack McKinney,"",9780345341334,paperback,read,2024/03/08,2017/09/27,2017/09/27,1,"",,,,,,,,,"",,"",No
The Book of Awesome,@Fakegrimlock,"","",,read,2024/03/03,2014/12/09,2014/12/09,1,"",,,,,,,,,"",,"",No
"End Times: Elites, Counter-Elites, and the Path of Political Disintegration",Peter Turchin,"",9780593490501,hardcover,read,2025/07/06,2025/07/06,2025/07/06,1,"",,,,,,,,,"",,"",No
The Ground Breaking: An American City and Its Search for Justice,Scott Ellsworth,"",9780593182987,hardcover,read,2024/03/12,2021/08/29,2021/08/29,1,"",,,,,,,,,"",,"",No
The Appeal,John Grisham,"",9780385515047,hardcover,read,2024/03/01,2008/11/29,2008/11/29,1,"",,,,,,,,,"",,"",No
Introducing Evolutionary Psychology a Graphic Guide,"Oscar Zarate, Dylan Evans","",9781848319776,digital,read,2024/03/13,2023/01/22,2023/01/22,1,"",,,,,,,,,"",,"",No
The Book: A Cover-To-Cover Exploration of the Most Powerful Object of Our Time,Keith Houston,"",9780393244793,hardcover,read,2024/03/06,2016/09/10,2016/09/10,1,"",,,,,,,,,"",,"",No
My Dearest Julia: The Wartime Letters of Ulysses S. Grant to His Wife,Ulysses S. Grant,"",9781598535891,hardcover,read,2024/03/09,2018/09/13,2018/09/13,1,"",,,,,,,,,"",,"",No
Mr. Penumbra's 24-Hour Bookstore,Robin Sloan,"",9780374214913,hardcover,read,2024/03/03,2013/02/05,2013/02/05,1,"",,,,,,,5.0,,"",,"",No
Exhalation,Ted Chiang,"",9781101972083,paperback,read,2024/03/10,2019/07/12,2019/07/12,1,"",,,,,,,,,"",,"",No
Blood and Iron: The Rise and Fall of the German Empire 1871–1918,Katja Hoyer,"",9780750996228,hardcover,read,2024/03/13,2023/01/22,2023/01/22,1,"",,,,,,,,,"",,"",No
The Hundred-Year Flood,Matthew Salesses,"",9781477878378,digital,read,2024/03/04,2015/08/21,2015/08/21,1,"",,,,,,,,,"",,"",No
Never Let Me Go,Kazuo Ishiguro,"",1400078776,paperback,read,2024/03/06,2017/03/17,2017/03/17,1,"",,,,,,,5.0,,"",,"",No
Red Rising,Pierce Brown,"",9780345539786,hardcover,read,2024/03/04,2015/05/21,2015/05/21,1,"",,,,,,,,,"",,"",No
The Fifth Season,N.K. Jemisin,"","",paperback,read,2024/03/11,2020/05/27,2020/05/27,1,"",,,,,,,,,"",,"",No
The Living Thoughts of Kierkegaard,Søren Kierkegaard,"",9780940322134,paperback,read,2024/03/12,2021/06/17,2021/06/17,1,"",,,,,,,,,"",,"",No
A Young Man's Guide to Late Capitalism,Peter Mountford,"",,paperback,read,2024/03/03,2013/08/31,2013/08/31,1,"",,,,,,,,,"",,"",No
"How Children Succeed: Grit, Curiosity, and the Hidden Power of Character",Paul Tough,"",9780547564654,hardcover,read,2024/03/03,2013/10/23,2013/10/23,1,"",,,,,,,,,"",,"",No
"Out on a Limb: Selected Writing, 1989-2020",Andrew Sullivan,"",9781501155895,hardcover,read,2024/03/12,2021/08/26,2021/08/26,1,"",,,,,,,,,"",,"",No
Give Us the Ballot,Ari Berman,"",9780374158279,hardcover,read,2024/03/10,2019/09/24,2019/09/24,1,"",,,,,,,,,"",,"",No
The Vanquished: Why the First World War Failed to End,Robert Gerwarth,"",9780374282455,hardcover,read,2024/03/10,2019/06/07,2019/06/07,1,"",,,,,,,,,"",,"",No
Dungeon Crawler Carl,Matt Dinniman,"","",digital,read,2025/12/02,2025/12/01,2025/12/01,1,"",,,,,,,,,"",,"",No
"Emergence: The Connected Lives of Ants, Brains, Cities, and Software",Steven Johnson,"",9780684868769,paperback,read,2024/03/03,2012/09/22,2012/09/22,1,"",,,,,,,,,"",,"",No
Faith of the Fallen,Terry Goodkind,"",9780812576399,paperback,read,2024/03/03,2013/02/05,2013/02/05,1,"",,,,,,,,,"",,"",No
"Living Buddha, Living Christ",Thích Nhất Hạnh,"David Steindl-Rast O.S.B. (Contributor), Elaine Pagels (Contributor)",9781573225687,paperback,read,2024/03/02,2009/01/05,2009/01/05,1,"",,,,,,,,,"",,"",No
"We the People, Volume 2: Transformations",Bruce a. Ackerman,"",9780674003972,paperback,read,2024/03/10,2019/01/27,2019/01/27,1,"",,,,,,,5.0,,"",,"",No
Heaven's Breath: A Natural History of the Wind,Lyall Watson,"",9780688056230,hardcover,read,2024/03/11,2020/05/13,2020/05/13,1,"",,,,,,,5.0,,"",,"",No
Ice Trilogy,Vladimir Sorokin,Jamey Gambrell (Translator),9781590173862,paperback,read,2026/06/12,2026/06/11,2026/06/11,1,"",,,,,,,,,"",,"",No
How Change Happens,Cass R. Sunstein,"",9780262039574,hardcover,read,2024/03/11,2020/02/07,2020/02/07,1,"",,,,,,,,,"",,"",No
Hillbilly Elegy: A Memoir of a Family and Culture in Crisis,J.D. Vance,"",9780008220563,paperback,read,2024/03/06,2016/11/22,2016/11/22,1,"",,,,,,,,,"",,"",No
The Two Towers,J.R.R. Tolkien,"","",paperback,read,2024/03/08,2017/06/24,2017/06/24,1,"",,,,,,,5.0,,"",,"",No
Ten Arguments For Deleting Your Social Media Accounts Right Now,Jaron Lanier,"",9781847925398,hardcover,read,2024/03/12,2022/04/16,2022/04/16,1,"",,,,,,,,,"",,"",No
"Slack: Getting Past Burnout, Busywork, and the Myth of Total Efficiency",Tom DeMarco,"",9780767907699,paperback,read,2024/03/11,2020/09/25,2020/09/25,1,"",,,,,,,,,"",,"",No
The Living Declaration—A Biography of America's Founding Text,Ted Widmer,Gordon S. Wood (Contributor),9781598538441,hardcover,read,2026/07/13,2026/07/13,2026/07/13,1,"",,,,,,,,,"",,"",No
One Way Forward: The Outsider's Guide to Fixing the Republic,Lawrence Lessig,"",,,read,2024/03/03,2012/02/20,2012/02/20,1,"",,,,,,,,,"",,"",No
A Collection of Essays,George Orwell,"",9783962725303,digital,read,2024/03/08,2017/05/11,2017/05/11,1,"",,,,,,,5.0,,"",,"",No
1491: New Revelations of the Americas Before Columbus,Charles C. Mann,"",9781400032051,paperback,read,2024/03/08,2017/08/27,2017/08/27,1,"",,,,,,,5.0,,"",,"",No
Richmond Burning: The Last Days of the Confederate Capital,Nelson Lankford,"",9780142003107,paperback,read,2025/12/20,2025/12/12,2025/12/12,1,"",,,,,,,,,"",,"",No
What the Dog Saw: And Other Adventures,Malcolm Gladwell,"",9780316078573,hardcover,read,2024/03/02,2011/03/15,2011/03/15,1,"",,,,,,,5.0,,"",,"",No
Divergent,Veronica Roth,"",9780062024039,paperback,read,2024/03/03,2013/07/08,2013/07/08,1,"",,,,,,,,,"",,"",No
Pox Americana: The Great Smallpox Epidemic of 1775-82,Elizabeth A. Fenn,"",9780809078219,paperback,read,2024/03/11,2020/12/29,2020/12/29,1,"",,,,,,,,,"",,"",No
The Bone Season,Samantha Shannon,"",9781620401392,hardcover,read,2024/03/10,2019/06/15,2019/06/15,1,"",,,,,,,,,"",,"",No
The Pursuit of the Millennium: Revolutionary Millenarians and Mystical Anarchists of the Middle Ages,Norman Cohn,"",9780195004564,paperback,read,2024/11/09,2024/11/09,2024/11/09,1,"",,,,,,,,,"",,"",No
The Violence Inside Us: A Brief History of an Ongoing American Tragedy,Chris Murphy,"",9781984854575,hardcover,read,2024/03/11,2020/10/10,2020/10/10,1,"",,,,,,,,,"",,"",No
A Deadly Education,Naomi Novik,"",9780593128480,hardcover,read,2024/03/12,2021/07/27,2021/07/27,1,"",,,,,,,,,"",,"",No
The Blind Side: Evolution of a Game,Michael Lewis,"",9780393330472,paperback,read,2024/03/02,2010/10/21,2010/10/21,1,"",,,,,,,,,"",,"",No
The Art of Unit Testing: With Examples in .NET,Roy Osherove,"",9781933988276,paperback,read,2024/03/02,2010/04/30,2010/04/30,1,"",,,,,,,,,"",,"",No
"Generations: The History of America's Future, 1584 to 2069","William Strauss, Neil Howe","",9780688119126,paperback,read,2024/03/10,2019/01/21,2019/01/21,1,"",,,,,,,,,"",,"",No
SPQR: A History of Ancient Rome,Mary Beard,"",9781631492228,paperback,read,2024/03/09,2018/10/02,2018/10/02,1,"",,,,,,,5.0,,"",,"",No
The Black Swan: The Impact of the Highly Improbable,Nassim Nicholas Taleb,"",9781400063512,hardcover,read,2024/03/02,2020/07/03,2020/07/03,1,"",,,,,,,,,"",,"",No
This Is How You Lose the Time War,"Max Gladstone, Amal El-Mohtar","Cynthia Farrell (Narrator), Emily Woo Zeller (Narrator)",9781508287070,audio,read,2024/03/10,2023/06/21,2023/06/21,1,"",,,,,,,,,"",,"",No
"Heavy Lifting: Grow Up, Get a Job, Raise a Family, and Other Manly Advice","Cam Edwards, Jim Geraghty","",9781621574149,hardcover,read,2024/03/04,2016/07/13,2016/07/13,1,"",,,,,,,,,"",,"",No
Bentham: A Fragment on Government,"Jeremy Bentham, H. L. a. Hart","",9780521359290,paperback,read,2024/03/10,2023/11/22,2023/11/22,1,"",,,,,,,,,"",,"",No
"The Demands of Justice: Enslaved Women, Capital Crime, and Clemency in Early Virginia ",Tamika Y. Nunley,"",9781469673127,paperback,read,2024/03/10,2023/06/18,2023/06/18,1,"",,,,,,,,,"",,"",No
The Girl Who Played with Fire,Stieg Larsson,Reg Keeland (Translator),9780307269980,hardcover,read,2024/03/02,2010/05/29,2010/05/29,1,"",,,,,,,,,"",,"",No
Greek and Roman Political Ideas: A Pelican Introduction,Melissa Lane,"",9780141976150,paperback,read,2024/03/03,2014/11/26,2014/11/26,1,"",,,,,,,,,"",,"",No
"Getting Real: The Smarter, Faster, Easier Way to Build a Web Application",Jason Fried,"Matthew Linderman, David Heinemeier Hansson","",digital,read,2024/03/02,2010/03/21,2010/03/21,1,"",,,,,,,,,"",,"",No
"Debt: The First 5,000 Years",David Graeber,"",9781933633862,hardcover,read,2024/03/08,2017/08/06,2017/08/06,1,"",,,,,,,,,"",,"",No
1000 Years of Joys and Sorrows,Ai Weiwei,"",9780553419467,hardcover,read,2024/03/10,2023/11/25,2023/11/25,1,"",,,,,,,,,"",,"",No
The Tragedy of Liberation: A History of the Chinese Revolution 1945-1957,Frank Dikotter,"",9781620403471,hardcover,read,2024/03/08,2018/06/17,2018/06/17,1,"",,,,,,,,,"",,"",No
An Elegant Puzzle: Systems of Engineering Management,Will Larson,"",9781732265189,hardcover,read,2024/03/10,2019/06/09,2019/06/09,1,"",,,,,,,,,"",,"",No
Master of the Mountain: Thomas Jefferson and His Slaves,Henry Wiencek,"",,,read,2024/03/03,2013/01/27,2013/01/27,1,"",,,,,,,5.0,,"",,"",No
Alexander Hamilton,Ron Chernow,"",B0BPCLMCPP,digital,read,2024/03/10,2023/08/18,2023/08/18,1,"",,,,,,,,,"",,"",No
The Good Thief,Hannah Tinti,"",9780385337458,hardcover,read,2024/03/02,2010/06/17,2010/06/17,1,"",,,,,,,,,"",,"",No
"Revolutionary Russia, 1891 - 1991: A History",Orlando Figes,"",9780805091311,hardcover,read,2024/03/03,2014/10/29,2014/10/29,1,"",,,,,,,,,"",,"",No
Fringe-ology: How I Tried to Explain Away the Unexplainable-And Couldn't,Steve Volk,"",,digital,read,2024/03/03,2013/09/21,2013/09/21,1,"",,,,,,,,,"",,"",No
The Partly Cloudy Patriot,Sarah Vowell,Katherine Streeter (Illustrator),9780743243803,paperback,read,2024/03/04,2015/10/24,2015/10/24,1,"",,,,,,,,,"",,"",No
"Wheat Belly: Lose the Wheat, Lose the Weight, and Find Your Path Back to Health",William Davis,"",9781609611545,hardcover,read,2024/03/03,2013/07/19,2013/07/19,1,"",,,,,,,,,"",,"",No
The Moral Landscape: How Science Can Determine Human Values,Sam Harris,"",9781439171219,hardcover,read,2024/03/03,2011/09/01,2011/09/01,1,"",,,,,,,,,"",,"",No
His Excellency: George Washington,Joseph J. Ellis,"",9781400032532,paperback,read,2024/03/08,2017/07/25,2017/07/25,1,"",,,,,,,5.0,,"",,"",No
The Command: Deep Inside the President's Secret Army,Marc Ambinder,D.B. Grady,9781118346723,digital,read,2024/03/03,2012/03/19,2012/03/19,1,"",,,,,,,,,"",,"",No
"Get Out of My Life, But First Could You Drive Me & Cheryl to the Mall: A Parent's Guide to the New Teenager",Anthony E. Wolf,"",9780374528539,paperback,read,2024/03/11,2020/06/27,2020/06/27,1,"",,,,,,,,,"",,"",No
"The Wealth of Humans: Work, Power, and Status in the Twenty-first Century",Ryan Avent,"",9781250075802,hardcover,read,2024/03/10,2019/12/27,2019/12/27,1,"",,,,,,,,,"",,"",No
A Conflict of Visions: Ideological Origins of Political Struggles,Thomas Sowell,"",9780465081424,paperback,read,2024/03/13,2022/11/13,2022/11/13,1,"",,,,,,,,,"",,"",No
The Queue,Basma Abdel Aziz,Elisabeth Jaquette (Translator),9781612195179,digital,read,2024/03/06,2016/09/18,2016/09/18,1,"",,,,,,,,,"",,"",No
"Cold War in the High Himalayas: The Usa, China and South Asia in the 1950s",S. Mahmud Ali,"",9780700711697,hardcover,read,2024/03/12,2021/07/30,2021/07/30,1,"",,,,,,,,,"",,"",No
Washington's Crossing,David Hackett Fischer,"",9780195170344,hardcover,read,2024/11/15,2024/11/15,2024/11/15,1,"",,,,,,,5.0,,"",,"",No
"God and Gold: Britain, America, and the Making of the Modern World",Walter Russell Mead,"",9780375414039,hardcover,read,2024/03/04,2016/01/30,2016/01/30,1,"",,,,,,,,,"",,"",No
The Liberal Hour: Washington and the Politics of Change in the 1960s,"Robert Weisbrot, G. Calvin MacKenzie","",9780143115465,paperback,read,2024/03/02,2009/04/10,2009/04/10,1,"",,,,,,,,,"",,"",No
The Irony of American History,Reinhold Niebuhr,"",9781531811051,audio,read,2024/03/04,2015/12/17,2015/12/17,1,"",,,,,,,,,"",,"",No
Thunderhead,Neal Shusterman,"",9781442472457,hardcover,read,2024/03/09,2018/08/23,2018/08/23,1,"",,,,,,,,,"",,"",No
The First Day on the Somme,Martin Middlebrook,"",9781844154654,hardcover,read,2024/08/13,2024/08/13,2024/08/13,1,"",,,,,,,,,"",,"",No
Big Enough to Be Inconsistent: Abraham Lincoln Confronts Slavery and Race,George M. Fredrickson,"",9780674027749,hardcover,read,2024/03/10,2024/02/07,2024/02/07,1,"",,,,,,,,,"",,"",No
You Will Not Stampede Me: Essays on Non-Conformism,Bryan Caplan,Brian Mandeville,9798863998046,paperback,read,2024/03/10,2024/01/22,2024/01/22,1,"",,,,,,,,,"",,"",No
Dark Territory,A.C. Cobble,Eric Michael Summerer (Narrator),9781515915683,audio,read,2024/03/12,2022/05/11,2022/05/11,1,"",,,,,,,,,"",,"",No
Becoming Steve Jobs: The Evolution of a Reckless Upstart into a Visionary Leader,"Brent Schlender, Rick Tetzeli","",9780385347402,hardcover,read,2024/03/04,2015/04/19,2015/04/19,1,"",,,,,,,,,"",,"",No
The Infinite Game,Simon Sinek,"",9780735213500,hardcover,read,2024/03/11,2020/04/10,2020/04/10,1,"",,,,,,,5.0,,"",,"",No
Treasured Subscribers,Robin Sloan,"",,,read,2024/03/10,2019/03/09,2019/03/09,1,"",,,,,,,,,"",,"",No
Mindset: The New Psychology of Success,Carol S. Dweck,"",9780345472328,paperback,read,2024/03/04,2016/03/14,2016/03/14,1,"",,,,,,,5.0,,"",,"",No
A King Alone,Jean Giono,"Alyson Waters (Translator), Susan Stewart (Contributor)",9781681373096,paperback,read,2024/03/10,2019/11/03,2019/11/03,1,"",,,,,,,,,"",,"",No
The Unconsoled,Kazuo Ishiguro,"",9780571225392,paperback,read,2024/03/08,2017/10/29,2017/10/29,1,"",,,,,,,,,"",,"",No
The Warmth of Other Suns: The Epic Story of America's Great Migration,Isabel Wilkerson,"",9780679444329,hardcover,read,2024/03/12,2021/06/13,2021/06/13,1,"",,,,,,,,,"",,"",No
The Way of Chuang Tzu,"Thomas Merton, Zhuangzi","",9780811201032,paperback,read,2024/03/02,2009/07/17,2009/07/17,1,"",,,,,,,,,"",,"",No
"The Fate of the Day: The War for America, Fort Ticonderoga to Charleston, 1777-1780",Rick Atkinson,"",9780593799185,hardcover,read,2025/07/06,2025/07/06,2025/07/06,1,"",,,,,,,5.0,,"",,"",No
The Defining Moment: Fdr's Hundred Days and the Triumph of Hope,Jonathan Alter,"",9780743246019,paperback,read,2024/03/02,2009/02/01,2009/02/01,1,"",,,,,,,,,"",,"",No
Abraham Lincoln: Vampire Hunter,Seth Grahame-Smith,"",9780446563086,hardcover,read,2024/03/03,2014/06/30,2014/06/30,1,"",,,,,,,,,"",,"",No
Bartleby the Scrivener,Herman Melville,"",9780974607801,paperback,read,2024/03/06,2017/01/02,2017/01/02,1,"",,,,,,,,,"",,"",No
Clean Hands,Patrick Hoffman,"",9780802129536,hardcover,read,2024/03/13,2023/02/25,2023/02/25,1,"",,,,,,,,,"",,"",No
The Great Game: The Struggle for Empire in Central Asia,Peter Hopkirk,"",9781568360225,paperback,read,2024/03/12,2021/11/01,2021/11/01,1,"",,,,,,,,,"",,"",No
Batman: Hush,Jeph Loeb,"Scott Williams, Alex Sinclair, Richard Starkings, Jim Lee (Illustrator)",9781401223175,paperback,read,2024/08/28,2024/08/28,2024/08/28,1,"",,,,,,,,,"",,"",No
Political Tribes: Group Instinct and the Fate of Nations,Amy Chua,"",9780399562853,hardcover,read,2024/03/09,2018/08/25,2018/08/25,1,"",,,,,,,,,"",,"",No
Temperance,Cathy Malkasian,"",9781606993231,hardcover,read,2024/03/02,2011/02/17,2011/02/17,1,"",,,,,,,,,"",,"",No
Life and Times of Frederick Douglass,Frederick Douglass,"",9781853265693,paperback,read,2024/03/08,2018/07/30,2018/07/30,1,"",,,,,,,,,"",,"",No
The Omni-Americans: Some Alternatives to the Folklore of White Supremacy,Albert Murray,"",B07RM5J4LR,digital,read,2024/03/12,2021/03/28,2021/03/28,1,"",,,,,,,,,"",,"",No
On the Run: Fugitive Life in an American City,Alice Goffman,"",9780226136714,hardcover,read,2024/03/03,2014/07/15,2014/07/15,1,"",,,,,,,,,"",,"",No
Gardens of the Moon,Steven Erikson,"",9780765348784,paperback,read,2024/03/12,2022/08/25,2022/08/25,1,"",,,,,,,,,"",,"",No
Legends & Lattes,Travis Baldree,"",9798985663211,paperback,read,2025/12/20,2025/12/20,2025/12/20,1,"",,,,,,,,,"",,"",No
A Civic Technologist's Practice Guide,Cyd Harrell,"",9781735286532,digital,read,2024/03/11,2020/10/31,2020/10/31,1,"",,,,,,,,,"",,"",No
Brilliance,Marcus Sakey,"",9781611099690,paperback,read,2024/03/03,2014/03/06,2014/03/06,1,"",,,,,,,,,"",,"",No
Buddhism Plain and Simple,Steve Hagen,William Hope (Narrator),9780767903325,paperback,read,2024/03/02,2009/11/21,2009/11/21,1,"",,,,,,,,,"",,"",No
Finding Our True Home: Living in the Pure Land Here and Now,Thích Nhất Hạnh,"",9781888375343,paperback,read,2024/03/12,2022/04/19,2022/04/19,1,"",,,,,,,,,"",,"",No
Last Night in Montreal,Emily St. John Mandel,"",9781936071456,digital,read,2024/03/12,2022/07/08,2022/07/08,1,"",,,,,,,,,"",,"",No
Bad Samaritans: The Myth of Free Trade and the Secret History of Capitalism,Ha-Joon Chang,"",9781596913998,hardcover,read,2024/03/03,2014/07/15,2014/07/15,1,"",,,,,,,,,"",,"",No
Ill Fares the Land,Tony Judt,"",9781594202766,hardcover,read,2024/12/01,2024/12/01,2024/12/01,1,"",,,,,,,,,"",,"",No
The Enlightened Capitalists: Cautionary Tales of Business Pioneers Who Tried to Do Well by Doing Good,James O'Toole,"",9780062880246,hardcover,read,2024/03/10,2019/07/26,2019/07/26,1,"",,,,,,,,,"",,"",No
The Essence of Christianity,Ludwig Feuerbach,"",9780879755591,paperback,read,2024/09/03,2024/09/03,2024/09/03,1,"",,,,,,,,,"",,"",No
The Man Without a Face: The Unlikely Rise of Vladimir Putin,M. Gessen,"",9781594488429,hardcover,read,2024/03/08,2018/03/24,2018/03/24,1,"",,,,,,,,,"",,"",No
Zealot: The Life and Times of Jesus of Nazareth,Reza Aslan,"",9781400069224,hardcover,read,2024/03/03,2013/10/18,2013/10/18,1,"",,,,,,,5.0,,"",,"",No
The Dilbit Disaster: Inside the Biggest Oil Spill You've Never Heard Of,"Lisa Song, Catherine Mann, Elizabeth McGowan","",,,read,2024/03/03,2014/02/07,2014/02/07,1,"",,,,,,,,,"",,"",No
WPF 4 Unleashed,Adam Nathan,"",9780672331190,paperback,read,2024/03/02,2010/08/23,2010/08/23,1,"",,,,,,,,,"",,"",No
Absolute All-Star Superman,Grant Morrison,"Neal Adams (Illustrator), Frank Quitely (Illustrator)",9781401229177,hardcover,read,2024/08/28,2024/08/28,2024/08/28,1,"",,,,,,,,,"",,"",No
Of Blood and Honey: A Book of the Fey and the Fallen,Stina Leicht,"",9781597802130,paperback,read,2024/03/08,2018/07/06,2018/07/06,1,"",,,,,,,,,"",,"",No
The Children of Light and the Children of Darkness: A Vindication of Democracy and a Critique of its Traditional Defense,Reinhold Niebuhr,Gary Dorrien (Contributor),9780684718545,paperback,read,2024/03/04,2015/11/01,2015/11/01,1,"",,,,,,,5.0,,"",,"",No
This Fierce People: The Untold Story of America's Revolutionary War in the South,Alan Pell Crawford,"",9780593318508,hardcover,read,2026/01/27,2026/01/27,2026/01/27,1,"",,,,,,,,,"",,"",No
Building a decision support system: the mythical man-month revisited,Peter G.W. Keen,Thomas J. Gambino,9781174690211,paperback,read,2024/03/10,2024/02/18,2024/02/18,1,"",,,,,,,,,"",,"",No
The Bright Ages: A New History of Medieval Europe,"David M. Perry, Matthew Gabriele","",9780062980892,hardcover,read,2024/03/13,2023/01/22,2023/01/22,1,"",,,,,,,,,"",,"",No
Soul of the Fire,Terry Goodkind,"",9780812551495,paperback,read,2024/03/02,2011/03/09,2011/03/09,1,"",,,,,,,,,"",,"",No
"United States of Jihad: Who Are America's Homegrown Terrorists, and How Do We Stop Them?",Peter Bergen,"",9780804139564,paperback,read,2024/03/06,2016/09/23,2016/09/23,1,"",,,,,,,5.0,,"",,"",No
"The Failure of the Founding Fathers: Jefferson, Marshall, and the Rise of Presidential Democracy","Bruce A. Ackerman, Bruce A. Ackerman","",,,read,2024/03/10,2019/09/23,2019/09/23,1,"",,,,,,,5.0,,"",,"",No
Giovanni's Room,James Baldwin,"",0141032944,paperback,read,2024/03/06,2017/03/26,2017/03/26,1,"",,,,,,,,,"",,"",No
Sleep Donation,Karen Russell,"",9781937894283,digital,read,2024/03/03,2014/04/19,2014/04/19,1,"",,,,,,,,,"",,"",No
Freedom's Dominion: A Saga of White Resistance to Federal Power,Jefferson Cowie,"",9781541672802,hardcover,read,2024/03/30,2024/03/30,2024/03/30,1,"",,,,,,,5.0,,"",,"",No
The Library at Mount Char,Scott Hawkins,"",9780553418620,paperback,read,2024/03/08,2017/09/16,2017/09/16,1,"",,,,,,,5.0,,"",,"",No
Authority,Jeff VanderMeer,"",9780374104108,paperback,read,2024/03/04,2015/01/15,2015/01/15,1,"",,,,,,,,,"",,"",No
Novus Ordo Seclorum: The Intellectual Origins of the Constitution,Forrest McDonald,"",9780700603114,paperback,read,2024/03/12,2021/06/29,2021/06/29,1,"",,,,,,,,,"",,"",No
Sir Gawain and the Green Knight,Anonymous,"Burton Raffel (Translator), Neil D. Isaacs (Contributor)",9780451528186,paperback,read,2024/03/04,2015/02/06,2015/02/06,1,"",,,,,,,,,"",,"",No
The Elementary Forms of Religious Life,Émile Durkheim,"Carol Cosman (Translator), Mark S. Cladis (Contributor)",9780192832559,paperback,read,2024/03/04,2016/07/05,2016/07/05,1,"",,,,,,,,,"",,"",No
"Uneasy Peace: The Great Crime Decline, the Renewal of City Life, and the Next War on Violence",Patrick Sharkey,"",9780393356540,paperback,read,2024/03/12,2021/05/18,2021/05/18,1,"",,,,,,,5.0,,"",,"",No
Superforecasting: The Art and Science of Prediction,Philip E. Tetlock,Dan Gardner,9780804136693,hardcover,read,2024/03/06,2016/09/18,2016/09/18,1,"",,,,,,,,,"",,"",No
The Sons,Franz Kafka,"",9780805208863,paperback,read,2026/01/18,2026/02/15,2026/02/15,1,"",,,,,,,,,"",,"",No
A Promised Land,Barack Obama,"",9781524763183,digital,read,2024/03/11,2020/12/10,2020/12/10,1,"",,,,,,,,,"",,"",No
A Capitalism for the People: Recapturing the Lost Genius of American Prosperity,Luigi Zingales,"",9780465029471,hardcover,read,2024/03/03,2012/11/15,2012/11/15,1,"",,,,,,,,,"",,"",No
The Worst Hard Time: The Untold Story of Those Who Survived the Great American Dust Bowl,Timothy Egan,"",9780547347776,digital,read,2024/03/12,2021/07/22,2021/07/22,1,"",,,,,,,,,"",,"",No
Ajax Penumbra 1969,Robin Sloan,"",9780374711849,digital,read,2024/03/03,2014/02/07,2014/02/07,1,"",,,,,,,,,"",,"",No
"The Idea of a Party System, Volume 2: The Rise of Legitimate Opposition in the United States, 1780-1840",Richard Hofstadter,"",9780520017542,paperback,read,2025/03/29,2025/03/29,2025/03/29,1,"",,,,,,,5.0,,"",,"",No
Touched with Fire: Manic-Depressive Illness and the Artistic Temperament,Kay Redfield Jamison,"",9780684831831,paperback,read,2024/09/03,2024/09/03,2024/09/03,1,"",,,,,,,,,"",,"",No
The Art of Smart Football,Chris B. Brown,"",,,read,2024/03/04,2015/08/14,2015/08/14,1,"",,,,,,,,,"",,"",No
Native Nations: A Millennium in North America,Kathleen DuVal,David Lindroth Inc,9780525511038,hardcover,read,2026/04/04,2026/04/04,2026/04/04,1,"",,,,,,,5.0,"","","","",No
Head First Design Patterns,"Elisabeth Robson, Bert Bates, Eric Freeman","",9780596007126,paperback,read,2024/03/01,2008/07/19,2008/07/19,1,"",,,,,,,5.0,,"",,"",No
The Imperial Cruise: A Secret History of Empire and War,James Bradley,"",9780316008952,hardcover,read,2024/03/12,2022/08/29,2022/08/29,1,"",,,,,,,5.0,,"",,"",No
The Black Jacobins: Toussaint L'Ouverture and the San Domingo Revolution,C.L.R. James,David Scott (Contributor),9780679724674,paperback,read,2024/03/10,2019/02/26,2019/02/26,1,"",,,,,,,,,"",,"",No
The Devil in Silver,Victor LaValle,"",9781400069866,hardcover,read,2024/03/04,2016/06/04,2016/06/04,1,"",,,,,,,5.0,,"",,"",No
The Golden Bough,James George Frazer,"",9780684826301,paperback,read,2024/03/13,2022/11/02,2022/11/02,1,"",,,,,,,,,"",,"",No
"Lean in: Women, Work, and the Will to Lead",Sheryl Sandberg,"",9780385349949,hardcover,read,2024/03/03,2013/09/10,2013/09/10,1,"",,,,,,,,,"",,"",No
Many Thousand Gone: An American Fable,Ronald L. Fair,"",9781598537635,,read,2025/07/06,2025/07/06,2025/07/06,1,"",,,,,,,,,"",,"",No
Commander in Cheat: How Golf Explains Trump,Rick Reilly,"",9780316528085,hardcover,read,2025/03/03,2025/03/03,2025/03/03,1,"",,,,,,,,,"",,"",No
The Penultimate Truth,Philip K. Dick,"",9780575074811,paperback,read,2024/03/11,2020/09/24,2020/09/24,1,"",,,,,,,,,"",,"",No
Aesop's Fables,Aesop,"Laura Harris, Laura Gibbs",9780192840509,paperback,read,2024/03/13,2023/01/29,2023/01/29,1,"",,,,,,,,,"",,"",No
The Adaptability Paradox,Stephen Skowronek,"",9780226844862,hardcover,read,2026/06/12,2026/06/11,2026/06/11,1,"",,,,,,,,,"",,"",No
Red Dawn Over China: How Communism Conquered a Quarter of Humanity,Frank Dikötter,"",9781639733972,hardcover,read,2026/07/08,2026/07/07,2026/07/07,1,"",,,,,,,,,"",,"",No
Steve Jobs,Walter Isaacson,"",9781451648539,hardcover,read,2024/03/03,2013/02/25,2013/02/25,1,"",,,,,,,,,"",,"",No
Why Nothing Works: Who Killed Progress—and How to Bring It Back,Marc J. Dunkelman,"",9781541700215,hardcover,read,2025/03/10,2025/03/10,2025/03/10,1,"",,,,,,,,,"",,"",No
The Heroes,Joe Abercrombie,"",9780316123358,digital,read,2024/03/03,2011/12/06,2011/12/06,1,"",,,,,,,,,"",,"",No
Calamity,Brandon Sanderson,"",9780385743600,hardcover,read,2024/03/09,2018/11/05,2018/11/05,1,"",,,,,,,,,"",,"",No
The Origins of American Constitutionalism,Donald S. Lutz,"",9780807115060,paperback,read,2026/07/29,2026/07/28,2026/07/28,1,"",,,,,,,,,"",,"",No
"How the South Won the Civil War: Oligarchy, Democracy, and the Continuing Fight for the Soul of America",Heather Cox Richardson,"",9780190900908,hardcover,read,2024/03/10,2023/08/18,2023/08/18,1,"",,,,,,,,,"",,"",No
Outlines of American Political Economy,Friedrich List,"",9789811438202,digital,read,2024/03/09,2018/10/25,2018/10/25,1,"",,,,,,,,,"",,"",No
The Tiny MBA: 100 Very Short Lessons about the Long Game of Business,"Alex Hillman, Nilofer Merchant","",9781716802171,paperback,read,2024/03/11,2020/09/06,2020/09/06,1,"",,,,,,,,,"",,"",No
Friday Black,Nana Kwame Adjei-Brenyah,"",9781328911247,paperback,read,2024/03/09,2018/12/21,2018/12/21,1,"",,,,,,,,,"",,"",No
The Five Dysfunctions of a Team: A Leadership Fable,Patrick Lencioni,"",9780787960759,hardcover,read,2024/03/02,2011/04/04,2011/04/04,1,"",,,,,,,5.0,,"",,"",No
"Suicide of the West: How the Rebirth of Tribalism, Populism, Nationalism, and Identity Politics is Destroying American Democracy",Jonah Goldberg,"","",digital,read,2024/03/08,2018/04/29,2018/04/29,1,"",,,,,,,5.0,,"",,"",No
Originalism as Faith,Eric J. Segall,"",9781107188556,hardcover,read,2024/03/10,2019/01/12,2019/01/12,1,"",,,,,,,5.0,,"",,"",No
National Security and Double Government,Michael J. Glennon,"",9780190206444,hardcover,read,2024/03/06,2016/09/11,2016/09/11,1,"",,,,,,,,,"",,"",No
The Quest for a Moral Compass,Kenan Malik,"",9781848874794,hardcover,read,2024/03/08,2017/08/06,2017/08/06,1,"",,,,,,,,,"",,"",No
The Chief: The Life and Turbulent Times of Chief Justice John Roberts,Joan Biskupic,"",9780465093274,hardcover,read,2024/03/10,2019/07/12,2019/07/12,1,"",,,,,,,,,"",,"",No
"One Mighty and Irresistible Tide: The Epic Struggle Over American Immigration, 1924-1965",Jia Lynn Yang,"",9780393635843,hardcover,read,2024/03/11,2020/11/21,2020/11/21,1,"",,,,,,,,,"",,"",No
The Working Class Republican: Ronald Reagan and the Return of Blue-Collar Conservatism,Henry Olsen,"",,,read,2024/03/09,2018/12/21,2018/12/21,1,"",,,,,,,,,"",,"",No
The Accommodation: The Politics of Race in an American City,Jim Schutze,"",9780806510460,hardcover,read,2024/03/12,2021/08/01,2021/08/01,1,"",,,,,,,,,"",,"",No
Station Eleven,Emily St. John Mandel,"",9780385353304,hardcover,read,2024/03/04,2015/04/02,2015/04/02,1,"",,,,,,,,,"",,"",No
Family Happiness and Other Stories,Leo Tolstoy,"",9780486440811,paperback,read,2024/03/01,2008/07/20,2008/07/20,1,"",,,,,,,,,"",,"",No
"When the Clock Broke: Con Men, Conspiracists, and How America Cracked Up in the Early 1990s",John Ganz,"",9780374605445,hardcover,read,2025/03/13,2025/03/13,2025/03/13,1,"",,,,,,,,,"",,"",No
Nature's Metropolis: Chicago and the Great West,William Cronon,"",9780393308730,paperback,read,2024/03/03,2011/10/02,2011/10/02,1,"",,,,,,,,,"",,"",No
Homicide: A Year on the Killing Streets,David Simon,"",9780805080759,paperback,read,2024/03/03,2013/10/06,2013/10/06,1,"",,,,,,,,,"",,"",No
The Forgetting: Alzheimer's: Portrait of an Epidemic,David Shenk,"",9780385498388,paperback,read,2024/03/13,2022/11/30,2022/11/30,1,"",,,,,,,,,"",,"",No
Batman: Year One,Frank Miller,"Richmond Lewis (Illustrator), David Mazzucchelli (Illustrator)",9781401207526,paperback,read,2024/03/03,2013/06/23,2013/06/23,1,"",,,,,,,,,"",,"",No
Magic Ink Information Software and the Graphical Interface,Bret Victor,"","",,read,2024/03/03,2014/02/07,2014/02/07,1,"",,,,,,,,,"",,"",No
Liberalism and the Limits of Justice,Michael J. Sandel,"",9780521562980,hardcover,read,2024/03/03,2014/07/14,2014/07/14,1,"",,,,,,,,,"",,"",No
Subtract: The Untapped Science of Less,Leidy Klotz,"",9781250249869,hardcover,read,2024/03/12,2021/12/19,2021/12/19,1,"",,,,,,,,,"",,"",No
Propaganda,Edward Bernays,"",9780970312594,paperback,read,2024/03/09,2018/12/21,2018/12/21,1,"",,,,,,,,,"",,"",No
The Three Languages of Politics: Talking Across the Political Divides,Arnold Kling,"",9781948647434,digital,read,2024/03/05,2016/08/03,2016/08/03,1,"",,,,,,,,,"",,"",No
The Dig,Cynan Jones,"",9781847088789,hardcover,read,2024/03/10,2019/12/19,2019/12/19,1,"",,,,,,,,,"",,"",No
The January 6th Report,"David Remnick, The January 6th Committee, Jamie Raskin","Deanna Anthony (Narrator), L.J. Ganser (Narrator), Robin Eller (Narrator), David Remnick (Narrator), Eric Jason Martin (Narrator), Adam Barr (Narrator), Lisa Flanagan (Narrator), Jennifer Blom (Narrator), Hillary Huber (Narrator), Leon Nixon (Narrator), Jamie Raskin (Narrator)",9781250879097,audio,read,2024/03/13,2023/02/04,2023/02/04,1,"",,,,,,,,,"",,"",No
"Enlightenment Now: The Case for Reason, Science, Humanism, and Progress",Steven Pinker,"",9780525427575,hardcover,read,2024/03/08,2018/02/19,2018/02/19,1,"",,,,,,,,,"",,"",No
Upstream,Dan Heath,"",9781982134747,digital,read,2024/03/12,2021/11/09,2021/11/09,1,"",,,,,,,,,"",,"",No
The Magicians,Lev Grossman,"",9780670020553,hardcover,read,2024/03/03,2011/07/26,2011/07/26,1,"",,,,,,,,,"",,"",No
Stempenyu: A Jewish Romance,Sholem Aleichem,Hannah Berman (Translator),9781933633169,paperback,read,2024/03/06,2017/03/29,2017/03/29,1,"",,,,,,,,,"",,"",No
Zarrella's Hierarchy of Contagiousness,Dan Zarella,"","",digital,read,2024/03/03,2011/12/19,2011/12/19,1,"",,,,,,,,,"",,"",No
Goliath: The 100-Year War Between Monopoly Power and Democracy,Matt Stoller,"",9781501183089,hardcover,read,2024/03/11,2020/04/14,2020/04/14,1,"",,,,,,,,,"",,"",No
Batman: The Court of Owls Saga,Scott Snyder,Greg Capullo,9781401284336,paperback,read,2024/03/03,2013/06/23,2013/06/23,1,"",,,,,,,,,"",,"",No
1632,Eric Flint,"",9781416532811,paperback,read,2024/03/10,2019/10/18,2019/10/18,1,"",,,,,,,,,"",,"",No
Stalin: The Kremlin Mountaineer,Paul Johnson,"",,,read,2024/03/05,2016/08/02,2016/08/02,1,"",,,,,,,,,"",,"",No
"Dragonlance Chronicles: Dragons of Autumn Twilight, Dragons of Winter Night, Dragons of Spring Dawning","Margaret Weis, Tracy Hickman","",9780880386524,paperback,read,2024/03/03,2013/03/22,2013/03/22,1,"",,,,,,,5.0,,"",,"",No
Worse Than Nothing: The Dangerous Fallacy of Originalism,Erwin Chemerinsky,"",9780300259902,hardcover,read,2024/03/10,2024/01/28,2024/01/28,1,"",,,,,,,5.0,,"",,"",No
A Chosen Faith: An Introduction to Unitarian Universalism,"John A. Buehrens, Forrest Church","",9780807016176,paperback,read,2024/03/03,2014/10/04,2014/10/04,1,"",,,,,,,,,"",,"",No
The Writer and the Witch,Robin Sloan,"",,digital,read,2026/08/07,2026/08/07,2026/08/07,1,"",,"","","","","",5.0,"","","","",No
"The End is Always Near: Apocalyptic Moments, from the Bronze Age Collapse to Nuclear Near Misses",Dan Carlin,"",9780008340926,hardcover,read,2024/03/10,2019/11/03,2019/11/03,1,"",,,,,,,,,"",,"",No
To Green Angel Tower: Part 2,Tad Williams,"",9780886776060,paperback,read,2024/03/08,2018/04/07,2018/04/07,1,"",,,,,,,,,"",,"",No
The Rational Optimist: How Prosperity Evolves,Matt Ridley,"",9780061452055,hardcover,read,2024/03/04,2015/02/28,2015/02/28,1,"",,,,,,,,,"",,"",No
1493: Uncovering the New World Columbus Created,Charles C. Mann,"",9780307265722,hardcover,read,2024/03/08,2018/01/04,2018/01/04,1,"",,,,,,,5.0,,"",,"",No
C# in Depth,Jon Skeet,"",9781935182474,paperback,read,2024/03/01,2008/09/21,2008/09/21,1,"",,,,,,,,,"",,"",No
Go Bills!: Photographs and History of the Buffalo Bills,Joe Marino,"",9781940647623,hardcover,read,2024/03/12,2022/09/06,2022/09/06,1,"",,,,,,,,,"",,"",No
Overcoming Law,Richard a. Posner,"",9780674649262,paperback,read,2024/03/09,2018/08/23,2018/08/23,1,"",,,,,,,,,"",,"",No
The Fifth Risk,Michael Lewis,"",9780393357455,paperback,read,2024/03/09,2018/10/10,2018/10/10,1,"",,,,,,,,,"",,"",No
A Time to Keep Silence,Patrick Leigh Fermor,"",9781590172445,paperback,read,2024/03/02,2011/03/13,2011/03/13,1,"",,,,,,,,,"",,"",No
The Once and Future Witches,Alix E. Harrow,"",9780316422048,hardcover,read,2024/03/12,2022/08/20,2022/08/20,1,"",,,,,,,5.0,,"",,"",No
IBM and the Holocaust,Edwin Black,"",9780751531992,paperback,read,2025/02/23,2025/02/15,2025/02/15,1,"",,,,,,,5.0,,"",,"",No
Weird: The Power of Being an Outsider in an Insider World,Olga Khazan,"",9780316418485,hardcover,read,2024/03/12,2021/07/24,2021/07/24,1,"",,,,,,,,,"",,"",No
Selected Writings,Harvey C. Mansfield (Jr.),"",9780882951201,paperback,read,2026/08/24,2026/08/23,2026/08/23,1,"",,,,,,,,,"",,"",No
George Washington's Farewell Address,George Washington,"",9781557094544,hardcover,read,2024/03/06,2017/02/28,2017/02/28,1,"",,,,,,,,,"",,"",No
Sheepfarmer's Daughter,Elizabeth Moon,"",9780671319649,paperback,read,2024/03/13,2023/03/13,2023/03/13,1,"",,,,,,,,,"",,"",No
After Virtue: A Study in Moral Theory,Alasdair MacIntyre,"",9780268006112,paperback,read,2024/03/03,2014/03/20,2014/03/20,1,"",,,,,,,,,"",,"",No
Why We're Polarized,Ezra Klein,"",9781476700328,hardcover,read,2024/03/11,2020/11/12,2020/11/12,1,"",,,,,,,,,"",,"",No
Washington Square,Henry James,Michael Cunningham,9780451528711,paperback,read,2024/03/10,2023/11/27,2023/11/27,1,"",,,,,,,,,"",,"",No
Moscow 1812: Napoleon's Fatal March,Adam Zamoyski,"",9780061086861,paperback,read,2024/03/11,2020/05/06,2020/05/06,1,"",,,,,,,5.0,,"",,"",No
Quantico,Greg Bear,"",9781593154455,hardcover,read,2024/03/02,2011/05/24,2011/05/24,1,"",,,,,,,,,"",,"",No
How Adam Smith Can Change Your Life: An Unexpected Guide to Human Nature and Happiness,Russ Roberts,"",9781591846840,digital,read,2024/03/09,2018/09/18,2018/09/18,1,"",,,,,,,,,"",,"",No
The Old Man and the Sea,Ernest Hemingway,"",9780684830490,hardcover,read,2024/03/04,2015/02/09,2015/02/09,1,"",,,,,,,,,"",,"",No
The Cold Dish: A Longmire Mystery,Craig Johnson,"",9780143036425,paperback,read,2024/03/13,2023/02/24,2023/02/24,1,"",,,,,,,,,"",,"",No
Democracy and Distrust: A Theory of Judicial Review,John Hart Ely,"",9780674196377,paperback,read,2024/03/10,2024/02/29,2024/02/29,1,"",,,,,,,5.0,,"",,"",No
"Jesus, Interrupted: Revealing the Hidden Contradictions in the Bible & Why We Don't Know About Them",Bart D. Ehrman,"",9780061173936,hardcover,read,2024/03/02,2009/11/03,2009/11/03,1,"",,,,,,,,,"",,"",No
jQuery in Action,"Bear Bibeault, Yehuda Katz","",,,read,2024/03/01,2008/11/01,2008/11/01,1,"",,,,,,,,,"",,"",No
"Green Arrow, Vol. 1: Quiver",Kevin Smith,"Ande Parks, Phil Hester",9781563899652,paperback,read,2024/03/03,2013/06/23,2013/06/23,1,"",,,,,,,,,"",,"",No
The Scratch of a Pen: 1763 and the Transformation of North America,Colin G. Calloway,"",9780195300710,hardcover,read,2024/12/01,2024/12/01,2024/12/01,1,"",,,,,,,,,"",,"",No
The Ballad of Black Tom,Victor LaValle,"",9780765387868,paperback,read,2024/03/05,2016/09/03,2016/09/03,1,"",,,,,,,5.0,,"",,"",No
Glory Road,Bruce Catton,"",9781504024198,digital,read,2024/03/12,2021/07/01,2021/07/01,1,"",,,,,,,,,"",,"",No
Extraordinary Relationships: A New Way of Thinking about Human Interactions,Roberta M. Gilbert,"",9780471346906,paperback,read,2024/10/25,2024/10/25,2024/10/25,1,"",,,,,,,,,"",,"",No
Beautiful Creatures,"Kami Garcia, Margaret Stohl","",9780316042673,hardcover,read,2024/03/03,2013/07/05,2013/07/05,1,"",,,,,,,,,"",,"",No
Foundations,Bruce A. Ackerman,"",9780674948419,paperback,read,2024/03/10,2019/01/06,2019/01/06,1,"",,,,,,,5.0,,"",,"",No
Spook Country,William Gibson,"",9780399154300,hardcover,read,2024/03/02,2010/01/07,2010/01/07,1,"",,,,,,,,,"",,"",No
Noise: A Flaw in Human Judgment,"Cass R. Sunstein, Daniel Kahneman, Olivier Sibony","",9780316451406,hardcover,read,2024/03/12,2021/07/09,2021/07/09,1,"",,,,,,,,,"",,"",No
"The Great Suppression: Voting Rights, Corporate Cash, and the Conservative Assault on Democracy",Zachary Roth,"",9781101905760,hardcover,read,2024/03/10,2019/09/24,2019/09/24,1,"",,,,,,,,,"",,"",No
The Better Angels of Our Nature: Why Violence Has Declined,Steven Pinker,"",9780143122012,paperback,read,2024/03/03,2014/09/25,2014/09/25,1,"",,,,,,,5.0,,"",,"",No
The Priory of the Orange Tree,Samantha Shannon,"",9781408883457,digital,read,2024/03/13,2022/10/06,2022/10/06,1,"",,,,,,,5.0,,"",,"",No
Think Again: The Power of Knowing What You Don't Know,Adam Grant,"",9781984878106,hardcover,read,2024/03/12,2021/03/24,2021/03/24,1,"",,,,,,,5.0,,"",,"",No
The Framers' Coup: The Making of the United States Constitution,Michael J. Klarman,"",9780199942039,hardcover,read,2024/03/10,2019/06/07,2019/06/07,1,"",,,,,,,,,"",,"",No
The Sleep Consultant,Robin Sloan,"",,,read,2024/03/10,2019/01/27,2019/01/27,1,"",,,,,,,,,"",,"",No
Original Intent and the Framers' Constitution,Leonard W. Levy,"",9781566633123,paperback,read,2024/03/11,2020/10/27,2020/10/27,1,"",,,,,,,,,"",,"",No
How to: Absurd Scientific Advice for Common Real-World Problems,Randall Munroe,"",9780525537090,hardcover,read,2024/03/10,2019/09/16,2019/09/16,1,"",,,,,,,,,"",,"",No
Batman: The Killing Joke,Alan Moore,"Tim Sale, Brian Bolland",9780930289454,paperback,read,2025/01/07,2025/01/07,2025/01/07,1,"",,,,,,,,,"",,"",No
Critical Mass: How One Thing Leads to Another,Philip Ball,"",9780374530419,paperback,read,2024/03/02,2011/06/19,2011/06/19,1,"",,,,,,,,,"",,"",No
War,Bob Woodward,"",B0DC6YWMM6,digital,read,2024/12/16,2024/12/16,2024/12/16,1,"",,,,,,,,,"",,"",No
The Dark Net: Inside the Digital Underworld,Jamie Bartlett,"",9780434023158,hardcover,read,2024/03/06,2017/03/04,2017/03/04,1,"",,,,,,,,,"",,"",No
The Graveyard Book,Neil Gaiman,Dave McKean (Illustrator),9780060530921,hardcover,read,2024/03/02,2009/06/21,2009/06/21,1,"",,,,,,,,,"",,"",No
King of Scars,Leigh Bardugo,"",9781250142276,digital,read,2024/03/12,2022/02/06,2022/02/06,1,"",,,,,,,,,"",,"",No
Green Arrow: Year One,Andy Diggle,Jock,9781401216870,hardcover,read,2024/03/03,2013/06/23,2013/06/23,1,"",,,,,,,,,"",,"",No
The Mueller Report: Presented with Related Materials by The Washington Post,"The Washington Post, Rosalind S. Helderman, Matt Zapotosky, Robert S. Mueller III","","",,read,2024/03/10,2019/04/29,2019/04/29,1,"",,,,,,,,,"",,"",No
Pride and Prejudice and Zombies,"Jane Austen, Seth Grahame-Smith","",9781594743344,paperback,read,2024/03/02,2009/07/20,2009/07/20,1,"",,,,,,,,,"",,"",No
Crooked Kingdom,Leigh Bardugo,"",9781627792134,hardcover,read,2024/03/12,2022/01/31,2022/01/31,1,"",,,,,,,,,"",,"",No
That Which You Are Seeking Is Causing You to Seek,Cheri Huber,June Shiver,9780961475468,paperback,read,2024/03/02,2011/03/10,2011/03/10,1,"",,,,,,,5.0,,"",,"",No
"Delivering Happiness: A Path to Profits, Passion, and Purpose",Tony Hsieh,"",9780446563048,hardcover,read,2024/03/02,2010/12/06,2010/12/06,1,"",,,,,,,,,"",,"",No
Leviathan,Thomas Hobbes,"",9780140431957,paperback,read,2024/03/10,2024/02/29,2024/02/29,1,"",,,,,,,,,"",,"",No
The Lost Symbol,Dan Brown,"",9780385504225,hardcover,read,2024/03/02,2009/12/15,2009/12/15,1,"",,,,,,,,,"",,"",No
Coders at Work: Reflections on the Craft of Programming,Peter Seibel,"",9781430219484,paperback,read,2024/03/02,2010/02/12,2010/02/12,1,"",,,,,,,,,"",,"",No
"The Achilles Trap: Saddam Hussein, the C.I.A., and the Origins of America's Invasion of Iraq",Steve Coll,"",9780525562269,hardcover,read,2024/12/16,2024/12/16,2024/12/16,1,"",,,,,,,,,"",,"",No
The Undiscovered Self: The Dilemma of the Individual in Modern Society,Carl G. Jung,"",9780451217325,paperback,read,2024/03/10,2023/11/15,2023/11/15,1,"",,,,,,,,,"",,"",No
A Master of Djinn,P. Djèlí Clark,"",9781250267672,digital,read,2024/03/12,2022/08/20,2022/08/20,1,"",,,,,,,,,"",,"",No
Wizard's First Rule,Terry Goodkind,"",9780765346520,paperback,read,2024/03/02,2011/02/13,2011/02/13,1,"",,,,,,,,,"",,"",No
Slavery and the Founders: Race and Liberty in the Age of Jefferson,Paul Finkelman,"",9780765604392,paperback,read,2024/03/11,2020/10/16,2020/10/16,1,"",,,,,,,,,"",,"",No
To Green Angel Tower: Part I,Tad Williams,"",9780886775988,paperback,read,2024/03/08,2018/03/28,2018/03/28,1,"",,,,,,,,,"",,"",No
"His Very Best: Jimmy Carter, a Life",Jonathan Alter,"",9781501125485,hardcover,read,2024/10/25,2024/10/25,2024/10/25,1,"",,,,,,,,,"",,"",No
CouchDB: The Definitive Guide,"J. Chris Anderson, Jan Lehnardt, Noah Slater","",9780596155896,paperback,read,2024/03/02,2010/05/31,2010/05/31,1,"",,,,,,,,,"",,"",No
"Zen Mind, Beginner's Mind: Informal Talks on Zen Meditation and Practice",Shunryu Suzuki,"Richard Baker, Huston Smith, Trudy Dixon",9780834800793,paperback,read,2024/03/04,2015/02/10,2015/02/10,1,"",,,,,,,,,"",,"",No
Infinity Hold\3,Barry B. Longyear,"",9780595248520,paperback,read,2024/03/01,2008/12/23,2008/12/23,1,"",,,,,,,5.0,,"",,"",No
Golden Son,Pierce Brown,"",9780345539823,digital,read,2024/03/04,2015/05/21,2015/05/21,1,"",,,,,,,,,"",,"",No
Fear: Trump in the White House,Bob Woodward,"",9781501175510,hardcover,read,2024/03/09,2018/09/18,2018/09/18,1,"",,,,,,,,,"",,"",No
Snow Crash,Neal Stephenson,"Juanma Barranquero (Translator), Adela Ibáñez (Translator), Natalia Cervera (Translator)",9788417507541,hardcover,read,2024/03/03,2011/11/05,2011/11/05,1,"",,,,,,,,,"",,"",No
wreakage,Emily Bleeker,"","",,read,2024/03/04,2015/08/23,2015/08/23,1,"",,,,,,,,,"",,"",No
Leaves of Grass,Walt Whitman,"",9780140421996,paperback,read,2024/03/02,2009/08/06,2009/08/06,1,"",,,,,,,,,"",,"",No
The 48 Laws of Power,Robert Greene,"",9780140280197,paperback,read,2024/03/09,2018/10/25,2018/10/25,1,"",,,,,,,,,"",,"",No
Costume Not Included,Matthew Hughes,"",9780857661395,paperback,read,2024/03/03,2013/03/31,2013/03/31,1,"",,,,,,,,,"",,"",No
Unfair: The New Science of Criminal Injustice,Adam Benforado,"",,digital,read,2024/03/04,2015/09/18,2015/09/18,1,"",,,,,,,,,"",,"",No
The Dialogue of the Dogs,Miguel de Cervantes,"William Rolandson, Nicola Barker, Ben Okri",9781843910657,paperback,read,2024/03/06,2017/03/28,2017/03/28,1,"",,,,,,,,,"",,"",No
Head On,John Scalzi,"",9780765388919,hardcover,read,2024/03/10,2019/03/10,2019/03/10,1,"",,,,,,,,,"",,"",No
Where Good Ideas Come from: The Natural History of Innovation,Steven Johnson,"",9781594487712,hardcover,read,2024/03/03,2011/09/10,2011/09/10,1,"",,,,,,,5.0,,"",,"",No
America's Cultural Revolution: How the Radical Left Conquered Everything,Christopher F. Rufo,"",9780063227538,hardcover,read,2024/03/10,2023/11/11,2023/11/11,1,"",,,,,,,,,"",,"",No
Political Moderation in America's First Two Centuries,Robert McCluer Calhoon,"",9780521734165,paperback,read,2024/03/12,2022/05/16,2022/05/16,1,"",,,,,,,,,"",,"",No
Eichmann in Jerusalem: A Report on the Banality of Evil,Hannah Arendt,"",9780241552292,paperback,read,2024/03/08,2017/09/03,2017/09/03,1,"",,,,,,,,,"",,"",No
The Last Wish,Andrzej Sapkowski,Danusia Stok (Translator),9780575082441,paperback,read,2024/03/11,2020/02/07,2020/02/07,1,"",,,,,,,,,"",,"",No
The Shadow Docket: How the Supreme Court Uses Stealth Rulings to Amass Power and Undermine the Republic,Stephen Vladeck,"",9781541602632,hardcover,read,2024/03/10,2023/05/29,2023/05/29,1,"",,,,,,,5.0,,"",,"",No
The Design of Everyday Things,Donald A. Norman,"",9780465067107,paperback,read,2024/03/02,2010/12/12,2010/12/12,1,"",,,,,,,5.0,,"",,"",No
The American Language of Rights,Richard A. Primus,"",9780521652506,,read,2026/01/18,2026/01/15,2026/01/15,1,"",,,,,,,,,"",,"",No
Bury My Heart at Wounded Knee: An Indian History of the American West,Dee Brown,"",9780805066692,paperback,read,2024/09/08,2024/09/08,2024/09/08,1,"",,,,,,,5.0,,"",,"",No
"My Father the Druid, My Mother the Tree",Robin Sloan,"",,,read,2024/03/10,2019/12/27,2019/12/27,1,"",,,,,,,,,"",,"",No
Morning Star,Pierce Brown,"",9780345539847,hardcover,read,2024/03/04,2016/07/02,2016/07/02,1,"",,,,,,,,,"",,"",No
"The Gulag Archipelago, Abridged Edition",Aleksandr Solzhenitsyn,"",9780060007768,paperback,read,2024/03/01,2008/12/14,2008/12/14,1,"",,,,,,,5.0,,"",,"",No
Black Power: Politics of Liberation in America,"Charles V. Hamilton, Stokely Carmichael (Kwame Ture)","",9780679743132,paperback,read,2024/03/11,2020/07/14,2020/07/14,1,"",,,,,,,,,"",,"",No
Political Control of the Economy,Edward R. Tufte,"",9780691021805,paperback,read,2024/03/08,2017/10/07,2017/10/07,1,"",,,,,,,,,"",,"",No
The Prophet,Kahlil Gibran,"",9780001000391,paperback,read,2024/03/02,2010/02/16,2010/02/16,1,"",,,,,,,,,"",,"",No
Letters to a Young Contrarian,Christopher Hitchens,"",9780465030330,paperback,read,2024/03/04,2016/03/17,2016/03/17,1,"",,,,,,,,,"",,"",No
Temple of the Winds,"Dick Hill, Terry Goodkind","","",audio,read,2024/03/02,2011/03/09,2011/03/09,1,"",,,,,,,,,"",,"",No
The Ideological Origins of the American Revolution: Enlarged Edition,Bernard Bailyn,"",9780674443020,,read,2024/03/03,2014/05/10,2014/05/10,1,"",,,,,,,,,"",,"",No
Anti-Intellectualism in American Life,Richard Hofstadter,"",9780394703176,paperback,read,2024/03/02,2009/06/21,2009/06/21,1,"",,,,,,,,,"",,"",No
Imagined Communities: Reflections on the Origin and Spread of Nationalism,Benedict Anderson,"",9780860915461,paperback,read,2024/03/06,2017/04/11,2017/04/11,1,"",,,,,,,,,"",,"",No
Sword of Destiny,Andrzej Sapkowski,David French (Translator),9781478962199,audio,read,2024/03/12,2021/01/09,2021/01/09,1,"",,,,,,,,,"",,"",No
Lifecraft: The Art of Meaning in the Everyday,Forrest Church,"",9780807077139,paperback,read,2024/03/03,2014/09/27,2014/09/27,1,"",,,,,,,,,"",,"",No
A Wrinkle in Time,Madeleine L'Engle,"",9781250153272,paperback,read,2024/03/12,2022/05/04,2022/05/04,1,"",,,,,,,,,"",,"",No
The Korean War,Max Hastings,"",9780330392884,paperback,read,2024/03/13,2022/12/17,2022/12/17,1,"",,,,,,,5.0,,"",,"",No
The Freedoms We Lost: Consent and Resistance in Revolutionary America,Barbara Clark Smith,"",9781595581808,hardcover,read,2024/03/04,2016/02/15,2016/02/15,1,"",,,,,,,5.0,,"",,"",No
Less: Accomplishing More by Doing Less,Marc Lesser,"",9781577316176,paperback,read,2024/03/02,2009/09/03,2009/09/03,1,"",,,,,,,,,"",,"",No
"The Fatal Conceit, Volume 1: The Errors of Socialism",Friedrich A. Hayek,"",9780226320663,paperback,read,2024/03/03,2012/07/07,2012/07/07,1,"",,,,,,,,,"",,"",No
The Evolution of God,Robert Wright,"",9780316734912,hardcover,read,2024/03/02,2010/11/03,2010/11/03,1,"",,,,,,,5.0,,"",,"",No
The American Revolution and the Fate of the World,Richard Bell,"",9780593719510,hardcover,read,2026/02/28,2026/02/15,2026/02/15,1,"",,,,,,,5.0,"","","","",No
World War Z: An Oral History of the Zombie War,Max Brooks,"",9780307346605,hardcover,read,2024/03/01,2008/12/14,2008/12/14,1,"",,,,,,,,,"",,"",No
Essentialism: The Disciplined Pursuit of Less,Greg McKeown,"",9780804137386,hardcover,read,2024/03/12,2022/01/09,2022/01/09,1,"",,,,,,,,,"",,"",No
Mr. Lincoln's Army,Bruce Catton,"",9781504024181,digital,read,2024/03/12,2021/05/23,2021/05/23,1,"",,,,,,,,,"",,"",No
Fears of a Setting Sun: The Disillusionment of America's Founders,Dennis C. Rasmussen,"",9780691210230,hardcover,read,2024/03/12,2021/05/26,2021/05/26,1,"",,,,,,,5.0,,"",,"",No
Special Providence: American Foreign Policy and How It Changed the World,Walter Russell Mead,"",9780415935364,paperback,read,2024/03/04,2016/01/03,2016/01/03,1,"",,,,,,,,,"",,"",No
Homegoing,Yaa Gyasi,"",9780451493835,paperback,read,2024/03/11,2020/05/27,2020/05/27,1,"",,,,,,,,,"",,"",No
Democracy in America and Two Essays on America,Alexis de Tocqueville,Gerald Bevan (Translator),9780140447606,paperback,read,2024/03/04,2015/06/10,2015/06/10,1,"",,,,,,,,,"",,"",No
The Caged Owl: New and Selected Poems,Gregory Orr,"",9781556591778,paperback,read,2024/03/05,2016/08/01,2016/08/01,1,"",,,,,,,,,"",,"",No
"The Gun, the Ship, and the Pen: Warfare, Constitutions, and the Making of the Modern World",Linda Colley,"",9780871403162,hardcover,read,2024/03/10,2023/12/05,2023/12/05,1,"",,,,,,,,,"",,"",No
"Days of Rage: America's Radical Underground, the FBI, and the First Age of Terror",Bryan Burrough,Ray Porter (Narrator),9781594204296,audio,read,2024/03/08,2017/05/09,2017/05/09,1,"",,,,,,,,,"",,"",No
The Changeling,Victor LaValle,"",9780812995947,hardcover,read,2024/03/08,2017/07/03,2017/07/03,1,"",,,,,,,5.0,,"",,"",No
Nixon's Gamble: How a President's Own Secret Government Destroyed His Administration,Ray Locker,"",9781493009312,hardcover,read,2024/03/04,2016/02/22,2016/02/22,1,"",,,,,,,,,"",,"",No
The Common Cause: Creating Race and Nation in the American Revolution,Robert G. Parkinson,"",9781469626635,hardcover,read,2024/03/12,2021/01/03,2021/01/03,1,"",,,,,,,,,"",,"",No
The Ten Thousand Doors of January,Alix E. Harrow,"",9780316421997,hardcover,read,2024/03/13,2022/10/17,2022/10/17,1,"",,,,,,,5.0,,"",,"",No
East of Eden,John Steinbeck,David Wyatt (Contributor),9780142000656,paperback,read,2024/03/02,2011/02/13,2011/02/13,1,"",,,,,,,,,"",,"",No
The Essential Smart Football,Chris B. Brown,"",9781470125592,paperback,read,2024/03/04,2015/08/14,2015/08/14,1,"",,,,,,,,,"",,"",No
Ike's Bluff: President Eisenhower's Secret Battle to Save the World,Evan Thomas,"",9780316091039,paperback,read,2024/03/03,2012/10/29,2012/10/29,1,"",,,,,,,,,"",,"",No
Code,Kathy Reichs,Brendan Reichs,9780099543855,hardcover,read,2024/03/03,2013/07/03,2013/07/03,1,"",,,,,,,,,"",,"",No
Reminiscences,Douglas MacArthur,"",9781557504838,paperback,read,2024/03/11,2020/12/22,2020/12/22,1,"",,,,,,,,,"",,"",No
Firefight,Brandon Sanderson,"",9780385743587,hardcover,read,2024/03/09,2018/11/05,2018/11/05,1,"",,,,,,,,,"",,"",No
Democracy for Realists: Why Elections Do Not Produce Responsive Government,"Christopher H. Achen, Larry M. Bartels","",9780691169446,hardcover,read,2024/03/08,2017/09/23,2017/09/23,1,"",,,,,,,5.0,,"",,"",No
Design Crazy,Max Chafkin,"",,,read,2024/03/03,2014/02/07,2014/02/07,1,"",,,,,,,,,"",,"",No
"Shady Characters: The Secret Life of Punctuation, Symbols, & Other Typographical Marks",Keith Houston,"",9780393064421,hardcover,read,2024/03/03,2013/10/07,2013/10/07,1,"",,,,,,,,,"",,"",No
The Ecstatic,Victor LaValle,"",9780375713316,paperback,read,2024/03/06,2017/01/09,2017/01/09,1,"",,,,,,,,,"",,"",No
The Idea of Justice,Amartya Sen,"",9780674036130,hardcover,read,2024/03/03,2014/05/05,2014/05/05,1,"",,,,,,,,,"",,"",No
Lovecraft Country,Matt Ruff,Kevin Kenerly (Narrator),9781504682930,audio,read,2024/03/09,2018/09/02,2018/09/02,1,"",,,,,,,,,"",,"",No
Act of War,Brad Thor,"",9781476717128,hardcover,read,2024/03/04,2016/05/25,2016/05/25,1,"",,,,,,,,,"",,"",No
Darkness Brutal,Rachel A. Marks,"",9781477880791,digital,read,2024/03/04,2015/07/13,2015/07/13,1,"",,,,,,,,,"",,"",No
You Look Like a Thing and I Love You: How Artificial Intelligence Works and Why It's Making the World a Weirder Place,Janelle Shane,"",9780316525244,hardcover,read,2024/03/11,2020/01/08,2020/01/08,1,"",,,,,,,,,"",,"",No
The Death and Life of Great American Cities,Jane Jacobs,"",9780375508738,hardcover,read,2024/03/03,2011/09/18,2011/09/18,1,"",,,,,,,,,"",,"",No
"The Storm Before the Calm: America's Discord, the Coming Crisis of the 2020s, and the Triumph Beyond",George Friedman,"",9780385540490,hardcover,read,2024/03/12,2022/01/12,2022/01/12,1,"",,,,,,,,,"",,"",No
A Declaration of the Rights of Magicians,H.G. Parry,"",9780316459082,hardcover,read,2024/03/13,2022/11/11,2022/11/11,1,"",,,,,,,,,"",,"",No
Kolyma Stories,Varlam Shalamov,Donald Rayfield,9781681372150,digital,read,2024/03/10,2019/06/30,2019/06/30,1,"",,,,,,,5.0,,"",,"",No
Book Zero,@Fakegrimlock,"",9780991137718,digital,read,2024/03/03,2014/12/09,2014/12/09,1,"",,,,,,,,,"",,"",No
Fka USA,Reed King,"",9781250108890,hardcover,read,2024/03/10,2019/07/25,2019/07/25,1,"",,,,,,,,,"",,"",No
Are Your Lights On?: How to Figure Out what the Problem Really is,Donald C. Gause,"",9780932633163,,read,2024/03/08,2017/05/04,2017/05/04,1,"",,,,,,,,,"",,"",No
The Third Reich: A History of Nazi Germany,Thomas Childers,"","",audio,read,2024/03/11,2020/10/03,2020/10/03,1,"",,,,,,,,,"",,"",No
The Domesticated Brain,Bruce M. Hood,"",9780141974866,paperback,read,2024/03/03,2014/11/09,2014/11/09,1,"",,,,,,,,,"",,"",No
Legendborn,Tracy Deonn,"",9781534441606,hardcover,read,2024/03/11,2020/11/08,2020/11/08,1,"",,,,,,,,,"",,"",No
"Born in Blackness: Africa, Africans, and the Making of the Modern World, 1471 to the Second World War",Howard W. French,"",9781631495823,hardcover,read,2024/03/12,2022/04/29,2022/04/29,1,"",,,,,,,,,"",,"",No
Lean from the Trenches: Managing Large-Scale Projects with Kanban,Henrik Kniberg,"",9781934356852,paperback,read,2024/03/03,2013/08/25,2013/08/25,1,"",,,,,,,,,"",,"",No
Envisioning information,Edward R. Tufte,"","",paperback,read,2024/03/02,2011/02/25,2011/02/25,1,"",,,,,,,,,"",,"",No
City of Last Chances,Adrian Tchaikovsky,"",9781801108423,hardcover,read,2025/11/29,2025/11/12,2025/11/12,1,"",,,,,,,,,"",,"",No
The World According to Star Wars,Cass R. Sunstein,"",9780062484222,hardcover,read,2024/03/04,2016/07/13,2016/07/13,1,"",,,,,,,,,"",,"",No
Everyman Dies Alone,"Hans Fallada, Hans Fallada","",,,read,2024/03/02,2010/09/27,2010/09/27,1,"",,,,,,,,,"",,"",No
When the Devil Came Down to Dixie: Ben Butler in New Orleans,Chester G. Hearn,"",9780807126233,paperback,read,2024/03/09,2018/09/04,2018/09/04,1,"",,,,,,,,,"",,"",No
Don't Believe Everything You Think,Joseph Nguyen,"",B0BJHG532P,digital,read,2025/12/06,2025/12/06,2025/12/06,1,"",,,,,,,,,"",,"",No
A Court of Thorns and Roses,Sarah J. Maas,"",9781635575569,paperback,read,2024/03/12,2022/02/15,2022/02/15,1,"",,,,,,,,,"",,"",No
The Quest For Community: A Study In The Ethics Of Order And Freedom,Robert A. Nisbet,"",9781558150584,paperback,read,2024/03/06,2016/11/01,2016/11/01,1,"",,,,,,,,,"",,"",No
A Wizard of Earthsea,Ursula K. Le Guin,"",9780547722023,paperback,read,2026/05/01,2026/05/01,2026/05/01,1,"",,,,,,,,,"",,"",No
The Rent Is Too Damn High,Matthew Yglesias,"",9781451663297,digital,read,2024/03/03,2014/05/10,2014/05/10,1,"",,,,,,,,,"",,"",No
The Mime Order,Samantha Shannon,"",9781408857397,hardcover,read,2024/03/10,2019/06/30,2019/06/30,1,"",,,,,,,,,"",,"",No
The Crossing,Cormac McCarthy,"",9780517168950,hardcover,read,2024/03/02,2010/04/02,2010/04/02,1,"",,,,,,,,,"",,"",No
"The Firm, the Market, and the Law",R.H. Coase,"",9780226111018,paperback,read,2024/03/03,2014/08/26,2014/08/26,1,"",,,,,,,,,"",,"",No
Introducing HTML 5,Bruce Lawson,Remy Sharp,9780321687296,paperback,read,2024/03/02,2011/07/17,2011/07/17,1,"",,,,,,,,,"",,"",No
The Duel,Giacomo Casanova,J.G. Nichols (Translator),9781843910329,paperback,read,2024/03/06,2016/11/18,2016/11/18,1,"",,,,,,,,,"",,"",No
Tower of the Sun: Stories From the Middle East and North Africa,Michael J. Totten,"",,digital,read,2024/03/04,2015/03/15,2015/03/15,1,"",,,,,,,,,"",,"",No
Secret City: The Hidden History of Gay Washington,James Kirchick,"",9781627792325,hardcover,read,2024/03/12,2022/07/25,2022/07/25,1,"",,,,,,,,,"",,"",No
The United States Governed by Six Hundred Thousand Despots,John Swanson Jacobs,Jonathan D.S. Schroeder (Contributor),9780226684307,paperback,read,2025/07/06,2025/07/06,2025/07/06,1,"",,,,,,,,,"",,"",No
"The Empire of Necessity: Slavery, Freedom, and Deception in the New World",Greg Grandin,"",9780805094534,hardcover,read,2025/05/24,2025/05/24,2025/05/24,1,"",,,,,,,,,"",,"",No
Empire of Illusion: The End of Literacy and the Triumph of Spectacle,Chris Hedges,"",9781568584379,hardcover,read,2024/03/02,2011/04/16,2011/04/16,1,"",,,,,,,,,"",,"",No
The Red Badge of Courage and Other Stories,Stephen Crane,"",9780143039358,paperback,read,2024/03/12,2021/11/09,2021/11/09,1,"",,,,,,,,,"",,"",No
1177 B.C.: The Year Civilization Collapsed,Eric H. Cline,Barry S. Strauss (Contributor),9780691140896,hardcover,read,2024/03/09,2018/09/01,2018/09/01,1,"",,,,,,,,,"",,"",No
The Year Without Pants: Wordpress.com and the Future of Work,Scott Berkun,"",9781118660638,hardcover,read,2024/03/03,2014/03/25,2014/03/25,1,"",,,,,,,,,"",,"",No
"The Collected Breece d'j Pancake: Stories, Fragments, Letters",Breece D'j Pancake,"",9781598536720,hardcover,read,2024/03/12,2022/08/31,2022/08/31,1,"",,,,,,,,,"",,"",No
"The Code Breaker: Jennifer Doudna, Gene Editing, and the Future of the Human Race",Walter Isaacson,"",9781982115852,hardcover,read,2025/09/16,2025/09/15,2025/09/15,1,"",,,,,,,,,"",,"",No
Armada,Ernest Cline,"",9780804137256,hardcover,read,2024/03/04,2015/08/21,2015/08/21,1,"",,,,,,,,,"",,"",No
The New New Deal: The Hidden Story of Change in the Obama Era,Michael Grunwald,"",9781451642322,hardcover,read,2024/03/03,2012/10/23,2012/10/23,1,"",,,,,,,,,"",,"",No
Clean Break: The Story of Germany's Energy Transformation and What Americans Can Learn from It,"Osha Gray Davidson, Catherine Mann, Susan White","",,,read,2024/03/03,2012/12/10,2012/12/10,1,"",,,,,,,,,"",,"",No
The Watershed: A Biography of Johannes Kepler,Arthur Koestler,"",9780819143396,paperback,read,2024/03/11,2020/07/04,2020/07/04,1,"",,,,,,,,,"",,"",No
The Stand,Stephen King,"",9780307947307,paperback,read,2024/03/02,2010/07/14,2010/07/14,1,"",,,,,,,,,"",,"",No
How We Decide,Jonah Lehrer,"",9780618620111,hardcover,read,2024/03/03,2012/07/20,2012/07/20,1,"",,,,,,,5.0,,"",,"",No
Conscious Capitalism: Liberating the Heroic Spirit of Business,"John Mackey, Rajendra Sisodia","",9781422144206,hardcover,read,2024/03/03,2013/06/28,2013/06/28,1,"",,,,,,,,,"",,"",No
Betrayal: The Crisis in the Catholic Church,Investigative Staff of the Boston Globe,"",9780316776752,paperback,read,2024/03/02,2010/08/21,2010/08/21,1,"",,,,,,,,,"",,"",No
Little Fires Everywhere,Celeste Ng,"",9780735224292,hardcover,read,2024/03/10,2019/01/11,2019/01/11,1,"",,,,,,,5.0,,"",,"",No
Solitude: A Return to the Self,Anthony Storr,"",9780743280747,paperback,read,2024/03/03,2013/04/04,2013/04/04,1,"",,,,,,,,,"",,"",No
Life and Fate,Vasily Grossman,"Kenneth Branagh (Narrator), David Tennant (Narrator), Raquel Cassidy (Narrator), Greta Scacchi (Narrator), Adrian Scarborough (Narrator), Alex Tregear (Narrator)",B005VHESSW,audio,read,2024/03/10,2019/09/01,2019/09/01,1,"",,,,,,,,,"",,"",No
Invisible Women: Data Bias in a World Designed for Men,Caroline Criado Pérez,"",9781419729072,hardcover,read,2024/03/12,2021/06/14,2021/06/14,1,"",,,,,,,5.0,,"",,"",No
"Alexander Hamilton, American",Richard Brookhiser,"",9780684863313,paperback,read,2024/03/03,2014/06/30,2014/06/30,1,"",,,,,,,,,"",,"",No
Harry Potter and the Methods of Rationality,Eliezer Yudkowsky,"",B0BE640ZAG,digital,read,2024/03/04,2015/06/29,2015/06/29,1,"",,,,,,,,,"",,"",No
Deaths of Despair and the Future of Capitalism,"Angus Deaton, Anne Case","",9780691190785,hardcover,read,2024/03/13,2022/12/29,2022/12/29,1,"",,,,,,,,,"",,"",No
"The Narrow Corridor: States, Societies, and the Fate of Liberty","Daron Acemoğlu, James A. Robinson","",9780241314333,paperback,read,2024/03/10,2023/12/11,2023/12/11,1,"",,,,,,,,,"",,"",No
The Passenger,Cormac McCarthy,"",9780593535226,digital,read,2024/03/13,2022/12/17,2022/12/17,1,"",,,,,,,,,"",,"",No
Fates and Furies,Lauren Groff,"",9781594634475,hardcover,read,2024/03/12,2021/12/19,2021/12/19,1,"",,,,,,,,,"",,"",No
"BOOM: Oil, Money, Cowboys, Strippers, and the Energy Rush That Could Change America Forever",Tony Horwitz,"","",digital,read,2024/03/03,2014/04/10,2014/04/10,1,"",,,,,,,,,"",,"",No
Supreme Courtship,Christopher Buckley,"",9780446697989,paperback,read,2024/03/02,2010/05/18,2010/05/18,1,"",,,,,,,,,"",,"",No
Cognitive Surplus: Creativity and Generosity in a Connected Age,Clay Shirky,"",9781594202537,hardcover,read,2024/03/02,2010/12/20,2010/12/20,1,"",,,,,,,,,"",,"",No
The Way of Shadows,Brent Weeks,"",9780316033671,paperback,read,2024/03/03,2014/08/17,2014/08/17,1,"",,,,,,,,,"",,"",No
1215 and All That: Magna Carta and King John,Ed West,"",9781510719873,hardcover,read,2024/03/05,2016/08/04,2016/08/04,1,"",,,,,,,,,"",,"",No
The Sacred Band,David Anthony Durham,"",9780307739681,hardcover,read,2024/03/03,2012/02/12,2012/02/12,1,"",,,,,,,5.0,,"",,"",No
The Stakeholder Society,"Anne Alstott, Bruce A. Ackerman","",9780300082609,paperback,read,2024/03/10,2019/09/24,2019/09/24,1,"",,,,,,,,,"",,"",No
The Radicalism of the American Revolution,Gordon S. Wood,"",9780679736882,paperback,read,2026/06/12,2022/02/11,2022/02/11,1,"",,,,,,,5.0,"","","","",No
If I Stay,Gayle Forman,"",9780525421030,hardcover,read,2024/03/02,2011/02/24,2011/02/24,1,"",,,,,,,,,"",,"",No
"The Well-Grounded Rubyist by David A. Black, Manning Publications",David A. Black,"",9781933988658,digital,read,2024/03/02,2010/09/07,2010/09/07,1,"",,,,,,,,,"",,"",No
"The Interbellum Constitution: Union, Commerce, and Slavery in the Age of Federalisms",Alison L. LaCroix,"",9780300223217,hardcover,read,2024/09/22,2024/09/22,2024/09/22,1,"",,,,,,,,,"",,"",No
Behave: The Biology of Humans at Our Best and Worst,Robert M. Sapolsky,"",9781594205071,hardcover,read,2024/03/10,2019/09/30,2019/09/30,1,"",,,,,,,,,"",,"",No
Crisis of Responsibility: Our Cultural Addiction to Blame and How You Can Cure It,David L. Bahnsen,"",9781682616253,hardcover,read,2024/03/09,2018/08/28,2018/08/28,1,"",,,,,,,,,"",,"",No
The Insides,Jeremy P. Bushnell,"",9781612195469,paperback,read,2024/03/06,2017/04/12,2017/04/12,1,"",,,,,,,,,"",,"",No
American Nations: A History of the Eleven Rival Regional Cultures of North America,Colin Woodard,"",9780670022960,hardcover,read,2024/03/03,2012/08/26,2012/08/26,1,"",,,,,,,,,"",,"",No
Homage to Catalonia,George Orwell,"",9780156421171,paperback,read,2024/03/10,2023/05/14,2023/05/14,1,"",,,,,,,,,"",,"",No
The Terminal Experiment,Robert J. Sawyer,"",9780061053108,paperback,read,2024/03/03,2013/08/20,2013/08/20,1,"",,,,,,,,,"",,"",No
The Nurture Assumption: Why Children Turn Out the Way They Do,Judith Rich Harris,"",9780684857077,paperback,read,2024/03/08,2018/07/30,2018/07/30,1,"",,,,,,,5.0,,"",,"",No
The Rise of the Meritocracy,Michael Young,"",9781560007043,paperback,read,2024/03/12,2021/10/02,2021/10/02,1,"",,,,,,,,,"",,"",No
The Great Experiment: Why Diverse Democracies Fall Apart and How They Can Endure,Yascha Mounk,"",9780593296813,hardcover,read,2024/03/13,2022/09/18,2022/09/18,1,"",,,,,,,,,"",,"",No
"Self-Reliance, and Other Essays",Ralph Waldo Emerson,"",9780486277905,paperback,read,2024/03/02,2011/07/11,2011/07/11,1,"",,,,,,,,,"",,"",No
The Collapsing Empire,John Scalzi,"",9780765388896,digital,read,2024/03/09,2018/11/20,2018/11/20,1,"",,,,,,,,,"",,"",No
"The Long Affair: Thomas Jefferson and the French Revolution, 1785-1800",Conor Cruise O'Brien,"",9780226616568,paperback,read,2024/03/04,2016/05/08,2016/05/08,1,"",,,,,,,,,"",,"",No
The Path Between the Seas: The Creation of the Panama Canal 1870-1914,David McCullough,"",9780743262132,hardcover,read,2024/12/16,2024/12/16,2024/12/16,1,"",,,,,,,,,"",,"",No
The Distracted Preacher,Thomas Hardy,"",9781612191119,paperback,read,2024/03/06,2016/09/03,2016/09/03,1,"",,,,,,,,,"",,"",No
Harry Potter and the Deathly Hallows,J.K. Rowling,Stephen Fry (Narrator),1781102422,audio,read,2024/03/02,2009/08/12,2009/08/12,1,"",,,,,,,5.0,,"",,"",No
Bind Us Apart: How Enlightened Americans Invented Racial Segregation,Nicholas Guyatt,"",9780465018413,hardcover,read,2024/03/06,2016/12/17,2016/12/17,1,"",,,,,,,,,"",,"",No
Healthy at Last: A Plant-Based Approach to Preventing and Reversing Diabetes and Other Chronic Illnesses,Eric Adams,"",9781401960568,hardcover,read,2024/03/12,2021/12/07,2021/12/07,1,"",,,,,,,,,"",,"",No
Impeachment: A Handbook,Charles L. Black Jr.,"",9780300079500,paperback,read,2024/03/09,2018/12/25,2018/12/25,1,"",,,,,,,,,"",,"",No
The Souls of Black Folks,W.E.B. Du Bois,"",9780970886002,audio,read,2024/03/13,2022/09/17,2022/09/17,1,"",,,,,,,,,"",,"",No
مذاهب الهواة .. كيف يقتل الإنترنت ثقافتنا,Andrew Keen,"",9780385520805,paperback,read,2024/03/02,2010/08/03,2010/08/03,1,"",,,,,,,,,"",,"",No
Equality and Efficiency: The Big Tradeoff,Arthur M. Okun,"",9780815764755,paperback,read,2024/03/04,2015/11/05,2015/11/05,1,"",,,,,,,,,"",,"",No
"The Secret of Our Success: How Culture Is Driving Human Evolution, Domesticating Our Species, and Making Us Smarter",Joseph Henrich,"",9780691166858,digital,read,2024/03/08,2017/11/14,2017/11/14,1,"",,,,,,,,,"",,"",No
American Journeys,Don Watson,"",9781741666212,paperback,read,2024/03/02,2011/01/23,2011/01/23,1,"",,,,,,,,,"",,"",No
Ghost Hunters: William James and the Search for Scientific Proof of Life After Death,Deborah Leigh Blum,"",9781594200908,hardcover,read,2024/03/13,2023/01/29,2023/01/29,1,"",,,,,,,,,"",,"",No
The Super Hero's Journey,Patrick Mcdonnell,"",9781419769108,hardcover,read,2025/01/07,2025/01/07,2025/01/07,1,"",,,,,,,,,"",,"",No
Acceptance,Jeff VanderMeer,"",9780374104115,paperback,read,2024/03/04,2015/01/20,2015/01/20,1,"",,,,,,,,,"",,"",No
The Cult of the Constitution,Mary Anne Franks,"",9781503603226,hardcover,read,2024/03/10,2019/11/03,2019/11/03,1,"",,,,,,,,,"",,"",No
America's Constitution: A Biography,Akhil Reed Amar,"",9781400062621,hardcover,read,2024/03/05,2016/08/21,2016/08/21,1,"",,,,,,,5.0,,"",,"",No
Alien Virus Love Disaster: Stories,Abbey Mei Otis,"",9781618731494,paperback,read,2024/03/12,2022/08/20,2022/08/20,1,"",,,,,,,,,"",,"",No
The Evolution of Everything: How New Ideas Emerge,Matt Ridley,"",9780062296009,hardcover,read,2024/03/04,2016/06/09,2016/06/09,1,"",,,,,,,,,"",,"",No
The Enchanted Wanderer: Selected Tales,Nikolai Leskov,"David Magarshack, Tommaso Landolfi, Walter Benjamin, V.S. Pritchett",9780812966961,paperback,read,2024/03/06,2016/09/05,2016/09/05,1,"",,,,,,,,,"",,"",No
Pragmatism,William James,"",9780486282701,paperback,read,2024/03/03,2011/12/15,2011/12/15,1,"",,,,,,,,,"",,"",No
Designing Your Life: Build a Life that Works for You,"Bill Burnett, Dave Evans","",9781784740245,paperback,read,2024/03/11,2020/01/08,2020/01/08,1,"",,,,,,,,,"",,"",No
The Let Them Theory: A Life-Changing Tool That Millions of People Can't Stop Talking About,Mel Robbins,"",9781401971373,digital,read,2025/06/01,2025/06/01,2025/06/01,1,"",,,,,,,,,"",,"",No
Space Settlements,Fred Scharmen,"",9781941332498,paperback,read,2024/03/10,2019/09/21,2019/09/21,1,"",,,,,,,,,"",,"",No
After Trump: Reconstructing the Presidency,"Jack Goldsmith, Bob Bauer","",,,read,2024/03/13,2022/09/11,2022/09/11,1,"",,,,,,,,,"",,"",No
The First Conspiracy: The Secret Plot to Kill George Washington,"Brad Meltzer, Josh Mensch","",9781250130334,hardcover,read,2024/03/10,2019/03/10,2019/03/10,1,"",,,,,,,,,"",,"",No
The Thinking Woman's Guide to Real Magic,Emily Croy Barker,"",9780670023660,hardcover,read,2024/03/12,2021/07/27,2021/07/27,1,"",,,,,,,,,"",,"",No
"The Colorado Doctrine: Water Rights, Corporations, and Distributive Justice on the American Frontier",David Schorr,"",9780300134476,hardcover,read,2024/09/03,2024/09/03,2024/09/03,1,"",,,,,,,,,"",,"",No
A Storm of Swords,George R.R. Martin,"","",digital,read,2024/03/03,2011/08/07,2011/08/07,1,"",,,,,,,,,"",,"",No
Flatland: A Romance of Many Dimensions,Edwin A. Abbott,"",9780486272634,paperback,read,2024/03/02,2009/08/10,2009/08/10,1,"",,,,,,,5.0,,"",,"",No
The Letter for the King,Tonke Dragt,Laura Watkinson (Translator),"",paperback,read,2024/03/11,2020/03/02,2020/03/02,1,"",,,,,,,,,"",,"",No
Guests of the Ayatollah: The First Battle in America's War With Militant Islam,Mark Bowden,"",9780871139252,hardcover,read,2024/03/02,2009/05/11,2009/05/11,1,"",,,,,,,,,"",,"",No
The New Deal: A Modern History,Michael A. Hiltzik,"",9781439154489,hardcover,read,2024/03/10,2019/03/16,2019/03/16,1,"",,,,,,,,,"",,"",No
The Light of All That Falls,James Islington,"",9780356507835,digital,read,2025/03/03,2025/03/03,2025/03/03,1,"",,,,,,,,,"",,"",No
The Smartest Kids in the World: And How They Got That Way,Amanda Ripley,"",9781451654424,paperback,read,2024/03/03,2014/03/14,2014/03/14,1,"",,,,,,,,,"",,"",No
The Cult of Smart: How Our Broken Education System Perpetuates Social Injustice,Fredrik deBoer,"",9781250752048,audio,read,2024/03/11,2020/10/23,2020/10/23,1,"",,,,,,,5.0,,"",,"",No
"The Hobbit, or There and Back Again",J.R.R. Tolkien,"","",digital,read,2024/03/03,2013/01/09,2013/01/09,1,"",,,,,,,5.0,,"",,"",No
What's the Matter with Kansas?: How Conservatives Won the Heart of America,Thomas Frank,"",9780805077742,paperback,read,2024/03/01,2008/06/01,2008/06/01,1,"",,,,,,,,,"",,"",No
How to Grow Old: Ancient Wisdom for the Second Half of Life,Marcus Tullius Cicero,Philip Freeman (Translator),9780691167701,hardcover,read,2024/03/12,2021/05/08,2021/05/08,1,"",,,,,,,,,"",,"",No
Wool Omnibus,Hugh Howey,Edoardo Ballerini (Narrator),9798212197557,audio,read,2024/03/03,2012/07/05,2012/07/05,1,"",,,,,,,5.0,,"",,"",No
Harry Potter and the Cursed Child - Parts I and II,Jack Thorne,"John Tiffany, J.K. Rowling",9780540027347,hardcover,read,2024/03/06,2017/01/02,2017/01/02,1,"",,,,,,,,,"",,"",No
Made to Stick: Why Some Ideas Survive and Others Die,"Chip Heath, Dan Heath","",9781400064281,hardcover,read,2024/03/03,2011/09/04,2011/09/04,1,"",,,,,,,,,"",,"",No
Atomic Habits: An Easy & Proven Way to Build Good Habits & Break Bad Ones,James Clear,"",9780735211292,hardcover,read,2024/03/12,2021/11/01,2021/11/01,1,"",,,,,,,,,"",,"",No
The Complacent Class: The Self-Defeating Quest for the American Dream,Tyler Cowen,"",9781250108692,hardcover,read,2024/03/06,2017/03/23,2017/03/23,1,"",,,,,,,,,"",,"",No
Redemption's Blade,Adrian Tchaikovsky,"",9781781085790,paperback,read,2024/03/12,2021/02/04,2021/02/04,1,"",,,,,,,5.0,,"",,"",No
Personal Memoirs,Ulysses S. Grant,Geoffrey Perrett,9780965393423,hardcover,read,2024/03/11,2020/08/02,2020/08/02,1,"",,,,,,,,,"",,"",No
How Democracies Die: What History Reveals About Our Future,"Steven Levitsky, Daniel Ziblatt","",9781524762933,hardcover,read,2024/03/08,2018/06/05,2018/06/05,1,"",,,,,,,,,"",,"",No
Nothing to Envy: Ordinary Lives in North Korea,Barbara Demick,"",9780385523912,paperback,read,2024/03/08,2018/05/06,2018/05/06,1,"",,,,,,,,,"",,"",No
A Fragile Life: Accepting Our Vulnerability,Todd May,"",9780226439952,hardcover,read,2024/03/11,2020/02/07,2020/02/07,1,"",,,,,,,,,"",,"",No
"The Unreal and the Real: Selected Stories, Volume One: Where on Earth",Ursula K. Le Guin,"",9781618730343,hardcover,read,2024/03/10,2019/07/12,2019/07/12,1,"",,,,,,,,,"",,"",No
The Wishsong of Shannara,Terry Brooks,"",9781857231328,paperback,read,2024/03/10,2019/10/18,2019/10/18,1,"",,,,,,,,,"",,"",No
Hamlet,William Shakespeare,"",9780521618748,paperback,read,2024/03/13,2023/03/21,2023/03/21,1,"",,,,,,,,,"",,"",No
The Makers of Rome: Nine Lives,Plutarch,Ian Scott-Kilvert (Translator),9780140441581,paperback,read,2024/03/10,2019/09/27,2019/09/27,1,"",,,,,,,,,"",,"",No
The Battle of Adwa: African Victory in The Age of Empire,"Raymond Jonas, Raymond Jonas","",9780674052741,hardcover,read,2024/03/10,2024/02/29,2024/02/29,1,"",,,,,,,,,"",,"",No
Infinite Jest,David Foster Wallace,Tom Bissell (Contributor),9780316306058,paperback,read,2024/03/02,2011/07/14,2011/07/14,1,"",,,,,,,,,"",,"",No
The Second Treatise of Civil Government,John Locke,"",9780879753375,paperback,read,2024/03/08,2017/04/28,2017/04/28,1,"",,,,,,,,,"",,"",No
Dignity in a Digital Age: Making Tech Work for All of Us,"Ro Khanna, Amartya Sen","",9781982163341,hardcover,read,2024/03/12,2022/09/06,2022/09/06,1,"",,,,,,,,,"",,"",No
Ender's Game,Orson Scott Card,"",9780812550702,paperback,read,2024/03/02,2011/06/14,2011/06/14,1,"",,,,,,,5.0,,"",,"",No
Confessions of an Economic Hit Man,John Perkins,"",9780452287082,paperback,read,2024/03/03,2011/11/24,2011/11/24,1,"",,,,,,,,,"",,"",No
JavaScript: The Good Parts,Douglas Crockford,"",9780596517748,paperback,read,2024/03/01,2008/06/29,2008/06/29,1,"",,,,,,,,,"",,"",No
The Fourth Revolution: The Global Race to Reinvent the State,John Micklethwait,Adrian Wooldridge,9781594205392,hardcover,read,2024/03/03,2014/06/10,2014/06/10,1,"",,,,,,,5.0,,"",,"",No
The Color of Law: A Forgotten History of How Our Government Segregated America,Richard Rothstein,"",9781631492853,hardcover,read,2024/03/08,2018/01/06,2018/01/06,1,"",,,,,,,,,"",,"",No
"The Age of Em: Work, Love, and Life When Robots Rule the Earth",Robin Hanson,"",9780198754626,hardcover,read,2024/03/04,2016/07/24,2016/07/24,1,"",,,,,,,,,"",,"",No
Tress of the Emerald Sea,Brandon Sanderson,"","",digital,read,2024/03/13,2023/03/15,2023/03/15,1,"",,,,,,,5.0,,"",,"",No
The Era of Reconstruction: 1865-1877,Kenneth M. Stampp,"",9780394703886,paperback,read,2024/03/11,2020/11/11,2020/11/11,1,"",,,,,,,,,"",,"",No
The Information Diet: A Case for Conscious Consumption,Clay A. Johnson,"",,,read,2024/03/03,2012/07/22,2012/07/22,1,"",,,,,,,,,"",,"",No
"Batman/Superman, Volume 1: Cross World",Greg Pak,"Paulo Siqueira, Yildiray Cinar, Jae Lee, Netho Diaz, Ben Oliver",9781401245092,hardcover,read,2024/03/03,2013/06/23,2013/06/23,1,"",,,,,,,,,"",,"",No
"Manhood for Amateurs: The Pleasures and Regrets of a Husband, Father, and Son",Michael Chabon,"",9780061490187,hardcover,read,2024/03/02,2010/03/06,2010/03/06,1,"",,,,,,,,,"",,"",No
The Corruption Of Lindsey Graham: A case study in the rise of authoritarianism.,"William Saletan, William Saletan","","",digital,read,2024/03/10,2023/05/21,2023/05/21,1,"",,,,,,,5.0,,"",,"",No
The Great Influenza: The Story of the Deadliest Pandemic in History,John M. Barry,"",9780143036494,paperback,read,2024/03/11,2020/06/25,2020/06/25,1,"",,,,,,,5.0,,"",,"",No
The Nineties,Chuck Klosterman,"",9780735217959,hardcover,read,2024/03/10,2024/01/20,2024/01/20,1,"",,,,,,,,,"",,"",No
"Gödel, Escher, Bach: an Eternal Golden Braid",Douglas R. Hofstadter,"",9780465026562,paperback,read,2024/03/03,2012/02/01,2012/02/01,1,"",,,,,,,,,"",,"",No
Shadow and Bone,Leigh Bardugo,"",9781250048110,paperback,read,2024/03/12,2021/12/05,2021/12/05,1,"",,,,,,,,,"",,"",No
The Girl with the Dragon Tattoo,Stieg Larsson,"Reg Keeland (Translator), Lena Grumbach (Translator), Marc De Gouvenain (Translator)",9780670069019,hardcover,read,2024/03/02,2009/08/28,2009/08/28,1,"",,,,,,,,,"",,"",No
The Lives of Frederick Douglass,Robert S. Levine,"",9780674055810,hardcover,read,2024/03/08,2017/11/27,2017/11/27,1,"",,,,,,,,,"",,"",No
Winter Tide,Ruthanna Emrys,"",9780765390905,hardcover,read,2024/03/08,2017/11/20,2017/11/20,1,"",,,,,,,,,"",,"",No
Becoming Wise: An Inquiry Into the Mystery and Art of Living,Krista Tippett,"",9781594206801,hardcover,read,2024/03/06,2017/03/14,2017/03/14,1,"",,,,,,,,,"",,"",No
Everything Flows,Vasily Grossman,"Robert Chandler (Translator), Anna Aslanyan (Translator), Elizabeth Chandler (Translator)",9781590173282,paperback,read,2024/03/04,2015/02/03,2015/02/03,1,"",,,,,,,,,"",,"",No
Hagakure: The Book of the Samurai,Yamamoto Tsunetomo,William Scott Wilson,9784770029164,hardcover,read,2024/03/08,2018/01/28,2018/01/28,1,"",,,,,,,,,"",,"",No
On the Nature of Things,Lucretius,W.H.D. Rouse (Translator),9780674992009,hardcover,read,2024/03/12,2022/09/05,2022/09/05,1,"",,,,,,,,,"",,"",No
Economic Origins of Dictatorship and Democracy,Eliezer Yudkowsky,"",9781939311207,digital,read,2024/03/08,2017/12/17,2017/12/17,1,"",,,,,,,,,"",,"",No
The Quaker Way: A Rediscovery,Rex Ambler,"",9781780996585,digital,read,2024/03/13,2023/02/26,2023/02/26,1,"",,,,,,,,,"",,"",No
Nosql Distilled: A Brief Guide to the Emerging World of Polyglot Persistence,"Pramod Sadalage, Martin Fowler","",9780321826626,paperback,read,2024/03/03,2013/06/03,2013/06/03,1,"",,,,,,,,,"",,"",No
Doomsday Book,Connie Willis,"",9780553562736,paperback,read,2024/03/04,2015/12/12,2015/12/12,1,"",,,,,,,,,"",,"",No
The Lies That Bind: Rethinking Identity,Kwame Anthony Appiah,"",9781631493843,digital,read,2024/03/10,2019/05/02,2019/05/02,1,"",,,,,,,,,"",,"",No
Goodbye to All That,Robert Graves,"",9781906147037,audio,read,2024/03/12,2021/02/06,2021/02/06,1,"",,,,,,,,,"",,"",No
The Agile Gene: How Nature Turns on Nurture,Matt Ridley,"",9780060006792,paperback,read,2024/03/04,2015/11/17,2015/11/17,1,"",,,,,,,5.0,,"",,"",No
Diary of a Man in Despair,Friedrich Reck-Malleczewen,Paul Rubens,9780715630006,paperback,read,2025/03/11,2025/03/11,2025/03/11,1,"",,,,,,,,,"",,"",No
The Art of Fielding,Chad Harbach,"",9780316126694,hardcover,read,2024/03/03,2014/07/02,2014/07/02,1,"",,,,,,,,,"",,"",No
The Decagon House Murders,Yukito Ayatsuji,"Soji Shimada (Contributor), Ho-Ling Wong (Translator)",9781508503736,paperback,read,2024/03/10,2019/04/27,2019/04/27,1,"",,,,,,,,,"",,"",No
Witch King,Martha Wells,"",9781250826794,hardcover,read,2024/03/01,2024/02/29,2024/02/29,1,"",,,,,,,,,"",,"",No
War Against the Weak: Eugenics and America's Campaign to Create a Master Race,Edwin Black,"",9780914153290,paperback,read,2024/10/25,2024/10/25,2024/10/25,1,"",,,,,,,5.0,,"",,"",No
The Trial of the Constitution,Sidney George Fisher,"",9780837108964,,read,2024/03/10,2019/05/02,2019/05/02,1,"",,,,,,,,,"",,"",No
The Governor and the Rebel: A History of Bacon's Rebellion in Virginia,Wilcomb E. Washburn,"",9780807840153,paperback,read,2025/08/25,2025/08/25,2025/08/25,1,"",,,,,,,,,"",,"",No
Mit racjonalnego wyborcy,Bryan Caplan,"",9780691129426,paperback,read,2024/03/03,2014/07/07,2014/07/07,1,"",,,,,,,,,"",,"",No
The Fault in Our Stars,John Green,"",9786021637395,paperback,read,2024/03/03,2013/12/27,2013/12/27,1,"",,,,,,,,,"",,"",No
The Master Switch: The Rise and Fall of Information Empires,Tim Wu,"",9780307269935,hardcover,read,2024/03/03,2011/10/08,2011/10/08,1,"",,,,,,,,,"",,"",No
Remote: Office Not Required,David Heinemeier Hansson,Jason Fried,9780804148993,audio,read,2024/03/03,2013/11/03,2013/11/03,1,"",,,,,,,5.0,,"",,"",No
Outliers: The Story of Success,Malcolm Gladwell,"",9780316017923,hardcover,read,2024/03/01,2008/12/26,2008/12/26,1,"",,,,,,,,,"",,"",No
Mercury Falls,Robert Kroese,"","",audio,read,2024/03/03,2011/12/19,2011/12/19,1,"",,,,,,,,,"",,"",No
The Revolt of the Elites and the Betrayal of Democracy,Christopher Lasch,"",9780393313710,paperback,read,2024/03/01,2008/04/16,2008/04/16,1,"",,,,,,,,,"",,"",No
The Hard Switch,Owen D. Pomery,"",9781910395707,hardcover,read,2024/03/10,2023/11/15,2023/11/15,1,"",,,,,,,,,"",,"",No
Поединок,"Aleksandr Kuprin, Aleksandr Kuprin","",9780451500458,digital,read,2024/03/06,2016/11/17,2016/11/17,1,"",,,,,,,,,"",,"",No
Buddha,Karen Armstrong,"",9780143034360,paperback,read,2024/03/02,2011/06/30,2011/06/30,1,"",,,,,,,,,"",,"",No
The Sick Chicken Case: The US Supreme Court and the New Deal,Williamjames Hull Hoffer,"",9780700638161,,read,2025/03/17,2025/03/17,2025/03/17,1,"",,,,,,,,,"",,"",No
Amazing Decisions: The Illustrated Guide to Improving Business Deals and Family Meals,Dan Ariely,Matt R. Trower (Illustrator),9780374103767,hardcover,read,2024/03/10,2019/09/21,2019/09/21,1,"",,,,,,,,,"",,"",No
A Broken Queen,Sarah Kozloff,"",9781250168665,paperback,read,2024/03/12,2021/02/18,2021/02/18,1,"",,,,,,,,,"",,"",No
Finite and Infinite Games: A Vision of Life as Play and Possibility,James P. Carse,"",9780345341846,paperback,read,2024/03/09,2018/09/23,2018/09/23,1,"",,,,,,,,,"",,"",No
The Caliphate,Hugh Kennedy,"",9780141981406,paperback,read,2024/03/09,2018/10/02,2018/10/02,1,"",,,,,,,,,"",,"",No
The Eye of the World,Robert Jordan,"",9780812511819,paperback,read,2024/03/10,2019/07/30,2019/07/30,1,"",,,,,,,,,"",,"",No
Everything I Never Told You,Celeste Ng,"",9781594205712,hardcover,read,2024/03/10,2019/01/21,2019/01/21,1,"",,,,,,,5.0,,"",,"",No
The Man Who Cried I Am,John A. Williams,"",9780715633274,paperback,read,2024/03/10,2024/02/03,2024/02/03,1,"",,,,,,,,,"",,"",No
The Frugal Wizard's Handbook for Surviving Medieval England,Brandon Sanderson,Steve Argyle (Illustrator),9781938570339,hardcover,read,2024/03/10,2023/08/25,2023/08/25,1,"",,,,,,,5.0,,"",,"",No
To Antietam Creek: The Maryland Campaign of September 1862,D. Scott Hartwig,"",9781421406312,hardcover,read,2025/10/11,2025/10/11,2025/10/11,1,"",,,,,,,5.0,"","","","",No
Justice: What's the Right Thing to Do?,Michael J. Sandel,"",9780374180652,hardcover,read,2024/03/03,2014/01/23,2014/01/23,1,"",,,,,,,5.0,,"",,"",No
The Mind Reels,Fredrik deBoer,"",9781566897372,paperback,read,2025/10/12,2025/10/12,2025/10/12,1,"",,,,,,,,,"",,"",No
A Colony in a Nation,Chris Hayes,"",9780393355420,paperback,read,2024/03/10,2019/03/09,2019/03/09,1,"",,,,,,,,,"",,"",No
The Ordeal of Change,Eric Hoffer,"",9781933435107,paperback,read,2024/03/01,2008/05/05,2008/05/05,1,"",,,,,,,,,"",,"",No
The Nature of Economies,Jane Jacobs,"",9780375702433,paperback,read,2024/03/03,2011/08/07,2011/08/07,1,"",,,,,,,,,"",,"",No
The Major Political Writings of Jean-Jacques Rousseau: The Two Discourses and the Social Contract,Jean-Jacques Rousseau,John T. Scott (Translator),9780226151311,paperback,read,2024/03/12,2022/01/14,2022/01/14,1,"",,,,,,,,,"",,"",No
Death's End,Cixin Liu,Ken Liu (Translator),9780765377104,hardcover,read,2024/03/12,2021/07/25,2021/07/25,1,"",,,,,,,5.0,,"",,"",No
A Summer Beyond Your Reach,Xia Jia,"",9781642360394,digital,read,2024/03/12,2021/08/11,2021/08/11,1,"",,,,,,,,,"",,"",No
The 42nd Parallel,John Dos Passos,"",9780618056811,paperback,read,2024/03/12,2022/06/02,2022/06/02,1,"",,,,,,,,,"",,"",No
"DRAGONLANCE LEGENDS - Time of the Twins, War of the Twins, Test of the Twins","Margaret Weis, Tracy Hickman","Valerie Valusek (Illustrator), Larry Elmore (Illustrator)",9780786929924,paperback,read,2024/03/03,2013/05/23,2013/05/23,1,"",,,,,,,5.0,,"",,"",No
Catching Fire,Suzanne Collins,"",9780439023498,hardcover,read,2024/03/02,2010/10/14,2010/10/14,1,"",,,,,,,5.0,,"",,"",No
The Awakening,"Susanne Valenti, Caroline Peckham","",9781080415045,paperback,read,2026/07/08,2026/06/24,2026/06/24,1,"",,,,,,,,,"",,"",No
The Stages of Economic Growth: A Non-Communist Manifesto,"Walt W. Rostow, W. W. Rostow","",9780521409285,paperback,read,2024/03/09,2018/10/25,2018/10/25,1,"",,,,,,,,,"",,"",No
The Origins of Totalitarianism,Hannah Arendt,"",9780151701544,paperback,read,2024/03/11,2020/01/28,2020/01/28,1,"",,,,,,,,,"",,"",No
Ordinary Vices,Judith N. Shklar,"",9780674641761,paperback,read,2024/03/09,2018/11/11,2018/11/11,1,"",,,,,,,,,"",,"",No
The Dark Side,Jane Mayer,"",9780385526395,hardcover,read,2024/03/01,2008/08/02,2008/08/02,1,"",,,,,,,,,"",,"",No
The Song Rising,Samantha Shannon,"",9781632866240,hardcover,read,2024/03/10,2019/06/30,2019/06/30,1,"",,,,,,,,,"",,"",No
Rhythm of War,Brandon Sanderson,"",9780765326386,hardcover,read,2024/07/20,2024/07/20,2024/07/20,1,"",,,,,,,,,"",,"",No
Popular: The Power of Likability in a Status-Obsessed World,Mitch Prinstein,"",9780399563737,hardcover,read,2024/03/12,2021/05/16,2021/05/16,1,"",,,,,,,,,"",,"",No
The Underground Railroad,Colson Whitehead,"",9780385542364,hardcover,read,2024/03/06,2016/11/24,2016/11/24,1,"",,,,,,,5.0,,"",,"",No
Inferno,Dan Brown,"",9780385537858,hardcover,read,2024/03/03,2014/09/30,2014/09/30,1,"",,,,,,,,,"",,"",No
I Contain Multitudes: The Microbes Within Us and a Grander View of Life,Ed Yong,"",9780062368591,hardcover,read,2024/03/06,2017/01/08,2017/01/08,1,"",,,,,,,,,"",,"",No
The Road to Wigan Pier,George Orwell,"",9780141913889,digital,read,2025/07/06,2025/07/06,2025/07/06,1,"",,,,,,,,,"",,"",No
"The Conservative Heart: How To Build A Fairer, Happier, And More Prosperous America",Arthur C. Brooks,"",9780062319753,hardcover,read,2024/03/08,2017/06/10,2017/06/10,1,"",,,,,,,,,"",,"",No
Mindfulness in Plain English,Bhante Henepola Gunarantana,"",9780861713219,paperback,read,2024/03/02,2011/06/07,2011/06/07,1,"",,,,,,,,,"",,"",No
"Frederick Douglass in Washington, D.C.: The Lion of Anacostia",John Muller,"",9781609495770,paperback,read,2024/03/10,2024/02/18,2024/02/18,1,"",,,,,,,,,"",,"",No
The Upper House: A Journey Behind the Closed Doors of the U.S. Senate,"Terence Samuel, Terence Samuel","",9780230623613,hardcover,read,2024/03/02,2010/08/13,2010/08/13,1,"",,,,,,,,,"",,"",No
Elmer Gantry,Sinclair Lewis,"",9780451530752,paperback,read,2024/03/12,2021/07/21,2021/07/21,1,"",,,,,,,,,"",,"",No
The Unwinding: An Inner History of the New America,George Packer,"",9781466836952,digital,read,2024/03/03,2013/08/20,2013/08/20,1,"",,,,,,,5.0,,"",,"",No
In Defense of Food: An Eater's Manifesto,Michael Pollan,"",9781594201455,hardcover,read,2024/03/01,2008/12/29,2008/12/29,1,"",,,,,,,,,"",,"",No
National System of Political Economy,Friedrich List,"",9780217024020,paperback,read,2024/03/09,2018/11/11,2018/11/11,1,"",,,,,,,,,"",,"",No
Accelerando,Charles Stross,"",9780441014156,paperback,read,2024/03/01,2008/06/08,2008/06/08,1,"",,,,,,,,,"",,"",No
Born Equal ,Akhil Reed Amar,"",9781541605190,digital,read,2025/12/20,2025/12/20,2025/12/20,1,"",,,,,,,,,"",,"",No
Longstreet: The Confederate General Who Defied the South,Elizabeth Varon,"",9781982148270,hardcover,read,2024/03/10,2024/01/22,2024/01/22,1,"",,,,,,,,,"",,"",No
Boss: Richard J. Daley of Chicago,Mike Royko,"",9780452261679,paperback,read,2024/03/03,2011/08/29,2011/08/29,1,"",,,,,,,,,"",,"",No
Big Machine,Victor LaValle,"",9780385527989,hardcover,read,2024/03/04,2016/07/02,2016/07/02,1,"",,,,,,,5.0,,"",,"",No
"Going Clear: Scientology, Hollywood, and the Prison of Belief",Lawrence Wright,"",9780307700667,hardcover,read,2024/03/04,2015/12/27,2015/12/27,1,"",,,,,,,,,"",,"",No
The Wind's Twelve Quarters,Ursula K. Le Guin,"",9780553029079,paperback,read,2024/03/10,2023/08/18,2023/08/18,1,"",,,,,,,,,"",,"",No
"Joy, Inc.: How We Built a Workplace People Love",Richard Sheridan,"",9781591845874,hardcover,read,2024/03/03,2014/01/06,2014/01/06,1,"",,,,,,,,,"",,"",No
Effective Programming: More Than Writing Code,Jeff Atwood,"",9781478300540,paperback,read,2024/03/03,2012/08/06,2012/08/06,1,"",,,,,,,,,"",,"",No
"The Fate of Rome: Climate, Disease, and the End of an Empire",Kyle Harper,"",9780691166834,hardcover,read,2024/03/11,2020/08/18,2020/08/18,1,"",,,,,,,,,"",,"",No
Submergence,J. M. Ledgard,"",9781566893190,paperback,read,2024/03/03,2014/03/10,2014/03/10,1,"",,,,,,,,,"",,"",No
The Sorceress and the Vigilant ,T. R. Sohn,"",9798285636922,paperback,read,2025/09/16,2025/09/15,2025/09/15-2025/09/15,1,"",,"","","","","",5.0,"","","","",No
Brave New World,Aldous Huxley,"",9780060929879,paperback,read,2024/03/01,2008/08/21,2008/08/21,1,"",,,,,,,,,"",,"",No
The Revolt of The Public and the Crisis of Authority in the New Millennium,Martin Gurri,Arnold Kling,9781732265141,hardcover,read,2024/03/05,2016/08/07,2016/08/07,1,"",,,,,,,,,"",,"",No
Words of Radiance,Brandon Sanderson,"",9780765326362,hardcover,read,2024/04/22,2024/04/22,2024/04/22,1,"",,,,,,,5.0,,"",,"",No
Meditations with Meister Eckhart,Matthew Fox,Candy Tucci (Illustrator),9780939680047,paperback,read,2024/03/12,2022/04/19,2022/04/19,1,"",,,,,,,,,"",,"",No
Man's Search for Meaning,Viktor E. Frankl,"Harold S. Kushner (Contributor), William J. Winslade (Contributor), Ilse Lasch (Translator)",9780807014295,paperback,read,2024/03/01,2008/12/14,2008/12/14,1,"",,,,,,,5.0,,"",,"",No
The Lost City: The Forgotten Virtues of Community in America,Alan Ehrenhalt,"",9780465041930,paperback,read,2024/03/03,2011/09/28,2011/09/28,1,"",,,,,,,,,"",,"",No
Meatball Sundae: Is Your Marketing out of Sync?,"Seth Godin, Seth Godin","",9781591841746,hardcover,read,2024/03/03,2011/08/24,2011/08/24,1,"",,,,,,,,,"",,"",No
Social Justice in the Liberal State,Bruce A. Ackerman,"",9780300027570,paperback,read,2024/03/10,2019/09/24,2019/09/24,1,"",,,,,,,,,"",,"",No
The 5th Wave - Gelombang 5,Rick Yancey,Angelic Zaizai (Translator),9789792291155,paperback,read,2024/03/04,2016/01/15,2016/01/15,1,"",,,,,,,,,"",,"",No
Песня зверя,Carol Berg,"",9780451459237,hardcover,read,2024/03/03,2013/09/02,2013/09/02,1,"",,,,,,,,,"",,"",No
Underland: A Deep Time Journey,Robert Macfarlane,"",9780393358094,paperback,read,2024/03/12,2021/01/26,2021/01/26,1,"",,,,,,,,,"",,"",No
Living with a Wild God: A Nonbeliever's Search for the Truth about Everything,Barbara Ehrenreich,"",9781455501762,hardcover,read,2024/03/04,2016/04/08,2016/04/08,1,"",,,,,,,,,"",,"",No
A Warning,"Anonymous, Miles Taylor","",9781538718476,digital,read,2024/03/10,2019/11/21,2019/11/21,1,"",,,,,,,,,"",,"",No
Black Reconstruction in America 1860-1880,W.E.B. Du Bois,"",9780684856575,paperback,read,2024/03/09,2018/08/23,2018/08/23,1,"",,,,,,,,,"",,"",No
Flash Boys: A Wall Street Revolt,Michael Lewis,"",9780393351590,paperback,read,2024/03/03,2014/06/17,2014/06/17,1,"",,,,,,,,,"",,"",No
The Knight in Rusty Armor,Robert Fisher,"",9780879804213,paperback,read,2024/03/06,2016/11/29,2016/11/29,1,"",,,,,,,,,"",,"",No
"Coercion: Why We Listen To What ""They"" Say",Douglas Rushkoff,"",9781573228299,paperback,read,2024/03/10,2019/06/15,2019/06/15,1,"",,,,,,,,,"",,"",No
Armies of Deliverance: A New History of the Civil War,Elizabeth R. Varon,"",9780190860608,hardcover,read,2024/03/10,2024/01/20,2024/01/20,1,"",,,,,,,5.0,,"",,"",No
Sketches of the Criminal World: Further Kolyma Stories,Varlam Shalamov,Donald Rayfield (Translator),9781681373676,paperback,read,2024/03/11,2020/01/25,2020/01/25,1,"",,,,,,,,,"",,"",No
Agile Project Management with Scrum,Ken Schwaber,"",9780735619937,paperback,read,2024/03/02,2009/07/19,2009/07/19,1,"",,,,,,,,,"",,"",No
Killing Rommel,Steven Pressfield,"",9780385519700,hardcover,read,2024/03/02,2011/06/18,2011/06/18,1,"",,,,,,,,,"",,"",No
The Cabinet,Un-su Kim,Sean Lin Halbert (Translator),9780857669179,paperback,read,2024/03/12,2022/07/24,2022/07/24,1,"",,,,,,,,,"",,"",No
"Naoki Urasawa's Monster, Volume 1: Herr Dr. Tenma",Naoki Urasawa,Satch Watanabe (Translator),9781591166412,paperback,read,2024/03/02,2009/04/10,2009/04/10,1,"",,,,,,,,,"",,"",No
How to Talk to a Goddess,Emily Croy Barker,"",9781736407110,digital,read,2024/03/12,2021/08/11,2021/08/11,1,"",,,,,,,,,"",,"",No
Call Center Management on Fast Forward: Succeeding in Today's Dynamic Customer Contact Environment,Brad Cleveland,"",,,read,2024/03/02,2010/01/01,2010/01/01,1,"",,,,,,,,,"",,"",No
American Citizenship: The Quest for Inclusion,Judith N. Shklar,"",9780674022164,paperback,read,2024/03/09,2018/09/13,2018/09/13,1,"",,,,,,,,,"",,"",No
An Exact Replica of a Figment of My Imagination,Elizabeth McCracken,"",9780316027670,hardcover,read,2024/03/02,2011/02/17,2011/02/17,1,"",,,,,,,,,"",,"",No
Ghosting the News: Local Journalism and the Crisis of American Democracy,Margaret Sullivan,"",9781733623780,paperback,read,2024/03/11,2020/08/19,2020/08/19,1,"",,,,,,,,,"",,"",No
Кармен,Prosper Mérimée,"",9782011552358,paperback,read,2024/03/08,2017/05/11,2017/05/11,1,"",,,,,,,,,"",,"",No
Battle Cry,Jack McKinney,"",978034534134,paperback,read,2024/03/08,2017/09/27,2017/09/27,1,"",,,,,,,,,"",,"",No
Being There,Jerzy Kosiński,"",9780802136343,paperback,read,2024/03/02,2010/03/06,2010/03/06,1,"",,,,,,,,,"",,"",No
The Strange Career of Jim Crow,C. Vann Woodward,William S. McFeely,9780195146905,paperback,read,2024/03/10,2019/03/20,2019/03/20,1,"",,,,,,,5.0,,"",,"",No
Alice's Adventures in Wonderland / Through the Looking-Glass,Lewis Carroll,Scarlett Johansson (Narrator),"",audio,read,2024/03/04,2015/07/05,2015/07/05,1,"",,,,,,,,,"",,"",No
Unruly Americans and the Origins of the Constitution,Woody Holton,"",B07K29T7Z4,audio,read,2024/03/04,2016/05/13,2016/05/13,1,"",,,,,,,,,"",,"",No
Plutarch on the Delay of the Divine Justice,Plutarch,Andrew Preston Peabody,9789811456961,paperback,read,2024/03/13,2022/09/23,2022/09/23,1,"",,,,,,,,,"",,"",No
The Road to Serfdom,"Friedrich A. Hayek, Bruce Caldwell","",9780226320618,paperback,read,2024/03/03,2014/08/17,2014/08/17,1,"",,,,,,,5.0,,"",,"",No
Klan War: Ulysses S. Grant and the Battle to Save Reconstruction,Fergus M. Bordewich,"",9780593310823,paperback,read,2024/05/13,2026/01/18,"2026/01/18-2026/01/18, 2024/05/13",2,"",,,,,,,,,"",,"",No
"Dranesville: A Northern Virginia Town in the Crossfire of a Forgotten Battle, December 20, 1861",Ryan T. Quint,"",9781611216936,,read,2025/08/31,2025/08/30,2025/08/30,1,"",,,,,,,,,"",,"",No
Dark Force Rising,Timothy Zahn,"",9780553560718,paperback,read,2024/03/11,2020/11/19,2020/11/19,1,"",,,,,,,,,"",,"",No
Pomodoro Technique Illustrated: The Easy Way to Do More in Less Time,Staffan Noteberg,"",9781934356500,paperback,read,2024/03/02,2010/03/14,2010/03/14,1,"",,,,,,,,,"",,"",No
Bobos in Paradise: The New Upper Class and How They Got There,David Brooks,"",9780684853789,paperback,read,2024/03/03,2012/09/15,2012/09/15,1,"",,,,,,,,,"",,"",No
Brownfield Application Development in .NET,"Donald Belcham, Kyle Baley","",9781933988719,paperback,read,2024/03/01,2008/11/08,2008/11/08,1,"",,,,,,,,,"",,"",No
The Good Man Jesus and the Scoundrel Christ,Philip Pullman,"",9781786891952,paperback,read,2024/03/02,2010/10/19,2010/10/19,1,"",,,,,,,,,"",,"",No
Death in a Promised Land: The Tulsa Race Riot of 1921,Scott Ellsworth,"",9780807117675,paperback,read,2024/03/12,2021/08/28,2021/08/28,1,"",,,,,,,5.0,,"",,"",No
Confidence Man: The Making of Donald Trump and the Breaking of America,Maggie Haberman,"",9780593297346,hardcover,read,2024/03/13,2022/10/13,2022/10/13,1,"",,,,,,,,,"",,"",No
Our Malady: Lessons in Liberty from a Hospital Diary,Timothy Snyder,"",9780593238899,paperback,read,2024/03/11,2020/09/10,2020/09/10,1,"",,,,,,,,,"",,"",No
Philosophy and Social Hope,Richard Rorty,"",9780140262889,paperback,read,2024/03/02,2011/01/04,2011/01/04,1,"",,,,,,,,,"",,"",No
Everything Bad Is Good for You: How Today's Popular Culture Is Actually Making Us Smarter,Steven Johnson,"",9781594481949,paperback,read,2024/03/02,2009/05/11,2009/05/11,1,"",,,,,,,,,"",,"",No
Howl's Moving Castle,Diana Wynne Jones,"",9780064410342,paperback,read,2024/03/04,2015/10/27,2015/10/27,1,"",,,,,,,5.0,,"",,"",No
The Plotters,Un-su Kim,Sora Kim-Russell (Translator),9781925603767,paperback,read,2024/03/12,2022/09/05,2022/09/05,1,"",,,,,,,,,"",,"",No
Company of One: Why Staying Small Is the Next Big Thing for Business,Paul Jarvis,"",9781328972354,hardcover,read,2024/03/10,2019/11/21,2019/11/21,1,"",,,,,,,,,"",,"",No
The Tsarnaev Brothers: The Road to a Modern Tragedy,M. Gessen,"",9781611762815,digital,read,2024/03/12,2022/08/20,2022/08/20,1,"",,,,,,,,,"",,"",No
"The Man Without Qualities, Vol. 1",Robert Musil,"",9780679767879,paperback,read,2024/03/10,2023/12/17,2023/12/17,1,"",,,,,,,,,"",,"",No
Oath of Swords,David Weber,"",9781416520863,paperback,read,2026/08/13,2026/08/13,2026/08/13,1,"",,"","","","","",5.0,"","","","",No
The Culture Playbook: 60 Highly Effective Actions to Help Your Group Succeed,"Daniel Coyle, Daniel Coyle","",9780525620730,hardcover,read,2024/03/12,2022/09/05,2022/09/05,1,"",,,,,,,,,"",,"",No
The Duel,Heinrich von Kleist,Annie Janusch (Translator),9781935554530,paperback,read,2024/03/06,2016/09/23,2016/09/23,1,"",,,,,,,,,"",,"",No
The Sum of Us (Adapted for Young Readers),Heather McGhee,"",9780593562628,digital,read,2024/03/10,2023/08/18,2023/08/18,1,"",,,,,,,,,"",,"",No
Beatrice and Virgil,Yann Martel,"",9781400069262,hardcover,read,2024/03/02,2011/07/02,2011/07/02,1,"",,,,,,,5.0,,"",,"",No
ASP.Net MVC in Action,"Jimmy Boggard, Ben Scheirman, Jeffrey Palermo, Jimmy Bogard","",9781933988627,paperback,read,2024/03/02,2009/02/02,2009/02/02,1,"",,,,,,,,,"",,"",No
Mistborn: The Final Empire,Brandon Sanderson,"",B0DWTTZ8Q3,digital,read,2024/03/10,2023/10/06,2023/10/06,1,"",,,,,,,5.0,,"",,"",No
Confucius The Analects trans D. C. Lau,Confucius,D.C. Lau,"",paperback,read,2024/03/02,2009/06/29,2009/06/29,1,"",,,,,,,,,"",,"",No
I Saw Death Coming: A History of Terror and Survival in the War against Reconstruction,Kidada E. Williams,"",9781635576634,hardcover,read,2024/03/10,2023/11/12,2023/11/12,1,"",,,,,,,5.0,,"",,"",No
The Puzzle Palace: Inside America's Most Secret Intelligence Organization,James Bamford,"",9780140067484,paperback,read,2024/03/03,2013/12/15,2013/12/15,1,"",,,,,,,,,"",,"",No
Click Here to Kill Everybody: Security and Survival in a Hyper-Connected World,Bruce Schneier,"",9780393357448,paperback,read,2024/03/09,2018/10/25,2018/10/25,1,"",,,,,,,,,"",,"",No
How the Word Is Passed: A Reckoning with the History of Slavery Across America,Clint Smith,"",9780316492935,hardcover,read,2024/03/12,2022/04/08,2022/04/08,1,"",,,,,,,,,"",,"",No
Economix: How and Why Our Economy Works (and Doesn't Work) in Words and Pictures: How and Why Our Economy Works (and Doesn't Work) in Words and Pictures,"David Bach, Michael Goodwin",Dan Burr (Illustrator),9780810988392,paperback,read,2024/03/03,2013/07/28,2013/07/28,1,"",,,,,,,,,"",,"",No
The Collected Tales of Nikolai Gogol,Nikolai Gogol,"Richard Pevear (Translator), Larissa Volokhonsky (Translator)",9780375706158,paperback,read,2024/03/10,2019/10/18,2019/10/18,1,"",,,,,,,,,"",,"",No
The Martian,Andy Weir,"",9780804139021,hardcover,read,2024/03/04,2015/01/05,2015/01/05,1,"",,,,,,,5.0,,"",,"",No
The Innocent Mage,Karen Miller,"",9781841496047,paperback,read,2024/03/03,2013/05/25,2013/05/25,1,"",,,,,,,,,"",,"",No
"Rule Makers, Rule Breakers: How Tight and Loose Cultures Wire Our World",Michele Gelfand,"",9781501152955,digital,read,2024/03/11,2020/04/14,2020/04/14,1,"",,,,,,,,,"",,"",No
"Teenage Mutant Ninja Turtles: The Ultimate Collection, Volume 2",Kevin Eastman,Peter Laird (Illustrator),9781613770887,hardcover,read,2025/12/20,2025/12/20,2025/12/20,1,"",,,,,,,,,"",,"",No
The Shadow Year,Jeffrey Ford,"",9780061231520,hardcover,read,2024/03/02,2009/07/03,2009/07/03,1,"",,,,,,,,,"",,"",No
Waking Up: A Guide to Spirituality Without Religion,Sam Harris,"",9781451636017,hardcover,read,2024/03/04,2015/02/03,2015/02/03,1,"",,,,,,,,,"",,"",No
The Two-Income Trap: Why Middle-Class Mothers and Fathers Are Going Broke,Elizabeth Warren,Amelia Warren Tyagi,9780465090822,hardcover,read,2024/03/06,2017/04/11,2017/04/11,1,"",,,,,,,,,"",,"",No
Data and Goliath: The Hidden Battles to Collect Your Data and Control Your World,Bruce Schneier,"",9780393352177,paperback,read,2024/03/04,2015/04/29,2015/04/29,1,"",,,,,,,,,"",,"",No
The Constitution of the War on Drugs,"David Pozen, Charles Keller Beekman Professor of Law David Pozen","",9780197685457,,read,2024/12/23,2024/12/23,2024/12/23,1,"",,,,,,,5.0,,"",,"",No
Matilda,Mary Shelley,"",9781406914061,paperback,read,2024/03/06,2017/04/16,2017/04/16,1,"",,,,,,,,,"",,"",No
"Blood, Sweat & Chalk: How the Geniuses of Football Created America's Favorite Game",Tim Layden,"",9781603200615,hardcover,read,2024/03/03,2011/09/26,2011/09/26,1,"",,,,,,,,,"",,"",No
"The Long Way to a Small, Angry Planet",Becky Chambers,"",9781500453305,paperback,read,2024/03/12,2022/06/28,2022/06/28,1,"",,,,,,,5.0,,"",,"",No
The Corrosion of Conservatism: Why I Left the Right,Max Boot,"",9781631495670,hardcover,read,2024/03/09,2018/10/25,2018/10/25,1,"",,,,,,,,,"",,"",No
"The Birth of the Republic, 1763-89",Edmund S. Morgan,"",9780226923420,paperback,read,2025/12/02,2025/12/01,2025/12/01,1,"",,,,,,,,,"",,"",No
American Revolution Considered as a Social Movement,John Franklin Jameson,"",,,read,2025/12/03,2025/12/02,2025/12/02,1,"",,,,,,,,,"",,"",No
Cymbeline,William Shakespeare,"",9780671722593,paperback,read,2024/03/11,2020/07/01,2020/07/01,1,"",,,,,,,,,"",,"",No
The Lesson of the Master,Henry James,"",9780974607849,paperback,read,2024/03/08,2017/05/11,2017/05/11,1,"",,,,,,,,,"",,"",No
The Crowd - Gustave le Bon [modern library classics],Gustave Le Bon,"","",digital,read,2024/03/09,2018/12/21,2018/12/21,1,"",,,,,,,,,"",,"",No
The Lola Quartet,Emily St. John Mandel,"",9781609530792,hardcover,read,2024/03/12,2022/07/24,2022/07/24,1,"",,,,,,,,,"",,"",No
An Echo of Things to Come,James Islington,"",9780316274111,hardcover,read,2025/02/23,2025/02/23,2025/02/23,1,"",,,,,,,,,"",,"",No
Cold Iron,Stina Leicht,"",9781481442558,hardcover,read,2024/03/08,2017/12/21,2017/12/21,1,"",,,,,,,,,"",,"",No
All the Pretty Horses,Cormac McCarthy,"",9780679744399,paperback,read,2024/03/02,2009/01/24,2009/01/24,1,"",,,,,,,,,"",,"",No
Slouching Towards Utopia: An Economic History of the Twentieth Century,J. Bradford DeLong,"",9780465019595,hardcover,read,2024/03/10,2024/01/05,2024/01/05,1,"",,,,,,,,,"",,"",No
The Heart of Haiku,Jane Hirshfield,"",,digital,read,2024/03/03,2011/12/07,2011/12/07,1,"",,,,,,,,,"",,"",No
"Catch and Kill: Lies, Spies, and a Conspiracy to Protect Predators",Ronan Farrow,"",9780316454131,hardcover,read,2024/03/11,2020/01/08,2020/01/08,1,"",,,,,,,5.0,,"",,"",No
Bossypants,Tina Fey,Tina Fey (Narrator),9781609419691,audio,read,2024/03/03,2013/07/20,2013/07/20,1,"",,,,,,,,,"",,"",No
American Patriarch The Life of George Washington,H. W. Brands,"",9780385551557,hardcover,read,2026/06/24,2026/06/24,2026/06/24,1,"",,,,,,,,,"",,"",No
A Grief Observed,C.S. Lewis,"",9780060652388,paperback,read,2026/01/24,2026/01/24,2026/01/24,1,"",,,,,,,5.0,"","","","",No
Battlehymn,Jack McKinney,"",9780345341372,paperback,read,2024/03/08,2017/09/30,2017/09/30,1,"",,,,,,,,,"",,"",No
The End of Men: And the Rise of Women,Hanna Rosin,"",9781594488047,hardcover,read,2024/03/03,2013/06/30,2013/06/30,1,"",,,,,,,,,"",,"",No
"Snow-Storm in August: Washington City, Francis Scott Key, and the Forgotten Race Riot of 1835",Jefferson Morley,"",9780385533379,hardcover,read,2024/03/04,2016/03/25,2016/03/25,1,"",,,,,,,,,"",,"",No
"Stubborn Attachments: A Vision for a Society of Free, Prosperous, and Responsible Individuals",Tyler Cowen,"",9781732265134,hardcover,read,2024/03/09,2018/11/20,2018/11/20,1,"",,,,,,,,,"",,"",No
Turning Pro,Steven Pressfield,"","",digital,read,2024/03/03,2012/06/27,2012/06/27,1,"",,,,,,,,,"",,"",No
Batman: The Long Halloween,Jeph Loeb,"Tim Sale, Gregory Wright, Richard Starkings",9781563894695,paperback,read,2024/03/02,2010/02/24,2010/02/24,1,"",,,,,,,,,"",,"",No
The Afghanistan Papers: A Secret History of the War,Craig Whitlock,"",9781982159009,hardcover,read,2024/03/12,2021/09/06,2021/09/06,1,"",,,,,,,,,"",,"",No
The Dark Is Rising,Susan Cooper,"",9781416949657,paperback,read,2024/03/11,2020/03/27,2020/03/27,1,"",,,,,,,,,"",,"",No
The King of Sports: Football's Impact on America,Gregg Easterbrook,"",,,read,2024/03/03,2013/12/02,2013/12/02,1,"",,,,,,,,,"",,"",No
How Children Fail,John Holt,"",9780201484021,paperback,read,2024/03/08,2018/01/28,2018/01/28,1,"",,,,,,,,,"",,"",No
The Civil Rights Revolution,Bruce A. Ackerman,"",9780674050297,hardcover,read,2024/03/10,2019/03/09,2019/03/09,1,"",,,,,,,,,"",,"",No
Frederick Douglass' Civil War: Keeping Faith in Jubilee (Revised),David W. Blight,"",9780807117248,paperback,read,2024/03/10,2024/02/29,2024/02/29,1,"",,,,,,,,,"",,"",No
The Laws Of Human Nature,Robert Greene,"",9780698184541,digital,read,2024/03/10,2023/11/11,2023/11/11,1,"",,,,,,,,,"",,"",No
"Sapiens: A Graphic History: The Pillars of Civilization, Volume 2",Yuval Noah Harari,"",9780063212237,paperback,read,2024/03/12,2022/01/02,2022/01/02,1,"",,,,,,,,,"",,"",No
"Dream City: Race, Power, and the Decline of Washington, D.C.","Harry S. Jaffe, Tom Sherwood","",9780786755936,paperback,read,2024/03/02,2011/06/27,2011/06/27,1,"",,,,,,,5.0,,"",,"",No
The Varieties of Scientific Experience: A Personal View of the Search for God,Carl Sagan,Ann Druyan,9781594201073,hardcover,read,2024/03/02,2010/01/12,2010/01/12,1,"",,,,,,,,,"",,"",No
Here Comes Everybody: The Power of Organizing Without Organizations,Clay Shirky,"",9781594201530,hardcover,read,2024/03/02,2010/08/11,2010/08/11,1,"",,,,,,,,,"",,"",No
Bring Back the Bureaucrats: Why More Federal Workers Will Lead to Better,John DiIulio,"",B00NCUD278,digital,read,2024/03/13,2023/01/29,2023/01/29,1,"",,,,,,,,,"",,"",No
Legacies of Losing in American Politics,"Nicole Mellow, Jeffrey K. Tulis","",9780226515328,paperback,read,2024/03/09,2018/11/05,2018/11/05,1,"",,,,,,,5.0,,"",,"",No
America's Unwritten Constitution: The Precedents and Principles We Live By,Akhil Reed Amar,"",,digital,read,2024/06/09,2024/06/09,2024/06/09,1,"",,,,,,,5.0,,"",,"",No
The history of Herodotus — Volume 1,"George Campbell Macaulay, Herodotus","","",,read,2024/03/10,2019/09/15,2019/09/15,1,"",,,,,,,,,"",,"",No
The Second Generation,Margaret Weis,Tracy Hickman,9780786902606,paperback,read,2024/03/12,2022/06/13,2022/06/13,1,"",,,,,,,,,"",,"",No
Chief Joy Officer: How Great Leaders Elevate Human Energy and Eliminate Fear,Richard Sheridan,Tom Peters,9780735218239,digital,read,2024/03/10,2019/01/06,2019/01/06,1,"",,,,,,,,,"",,"",No
Mencius,"",D.C. Lau (Translator),9780140449716,paperback,read,2024/03/02,2009/06/25,2009/06/25,1,"",,,,,,,,,"",,"",No
Thought and Character of William James,Ralph Barton Perry,"",9780826512796,paperback,read,2024/03/12,2022/02/15,2022/02/15,1,"",,,,,,,,,"",,"",No
Hunter's Oath,Michelle West,"",9780886776817,paperback,read,2024/03/13,2023/01/22,2023/01/22,1,"",,,,,,,,,"",,"",No
The Other Lands,David Anthony Durham,"",9780385523325,hardcover,read,2024/03/02,2010/12/08,2010/12/08,1,"",,,,,,,5.0,,"",,"",No
Meditations,Marcus Aurelius,Gregory Hays (Translator),9780812968255,paperback,read,2024/03/02,2010/02/16,2010/02/16,1,"",,,,,,,,,"",,"",No
Partisans: The Conservative Revolutionaries Who Remade American Politics in the 1990s,Nicole Hemmer,"",9781541646889,hardcover,read,2024/03/13,2022/10/20,2022/10/20,1,"",,,,,,,,,"",,"",No
"Audience of One: Donald Trump, Television, and the Fracturing of America",James Poniewozik,"",9781631494420,hardcover,read,2024/03/10,2019/09/30,2019/09/30,1,"",,,,,,,5.0,,"",,"",No
The Poor Clare,Elizabeth Gaskell,"",9781612192185,paperback,read,2024/03/06,2017/01/02,2017/01/02,1,"",,,,,,,,,"",,"",No
Hull Zero Three,Greg Bear,"",9780316072816,hardcover,read,2024/03/02,2011/06/27,2011/06/27,1,"",,,,,,,,,"",,"",No
The Tyranny of Merit: What’s Become of the Common Good?,Michael J. Sandel,"",9780241407608,paperback,read,2024/03/12,2021/09/05,2021/09/05,1,"",,,,,,,5.0,,"",,"",No
Now I Know: The Revealing Stories Behind the World's Most Interesting Facts,Dan Lewis,"",9781440563621,paperback,read,2024/03/03,2013/10/07,2013/10/07,1,"",,,,,,,,,"",,"",No
A Clash of Kings,George R.R. Martin,"","",hardcover,read,2024/03/03,2011/08/07,2011/08/07,1,"",,,,,,,,,"",,"",No
Benjamin Ashwood,A.C. Cobble,Eric Michael Summerer (Narrator),9781515965664,audio,read,2024/03/12,2022/05/02,2022/05/02,1,"",,,,,,,,,"",,"",No
"The New England Pulpit and the American Revolution; When American Pastors Preached Politics, Resisted Tyranny, and Founded a Nation on the Bible","Joel McDurmon, Alice M. Baldwin","",9781936577330,paperback,read,2025/06/03,2025/06/03,2025/06/03,1,"",,,,,,,,,"",,"",No
Exploring the Land of Ooo: An Unofficial Overview and Production History of Cartoon Network's Adventure Time,Paul A. Thomas,"",9781496846709,digital,read,2024/03/10,2023/08/22,2023/08/22,1,"",,,,,,,,,"",,"",No
Catastrophic Care: How American Health Care Killed My Father--And How We Can Fix It,David Goldhill,"",9780307961549,hardcover,read,2024/03/03,2014/04/07,2014/04/07,1,"",,,,,,,,,"",,"",No
The Clinton Tapes: Wrestling History With the President,Taylor Branch,"",9781416543336,hardcover,read,2024/03/02,2010/09/06,2010/09/06,1,"",,,,,,,,,"",,"",No
The Night Ocean,Paul La Farge,"",9781101981085,hardcover,read,2024/03/11,2020/06/19,2020/06/19,1,"",,,,,,,,,"",,"",No
"Tombstone: The Great Chinese Famine, 1958-1962",Yang Jisheng,"Jian Guo, Stacy Mosher",9780374277932,hardcover,read,2024/03/10,2023/08/27,2023/08/27,1,"",,,,,,,,,"",,"",No
Robotech: The Masters Saga: The Southern Cross,Jack McKinney,"",9780345391841,,read,2024/03/08,2017/11/05,2017/11/05,1,"",,,,,,,,,"",,"",No
Virals,Kathy Reichs,"",9781595143426,hardcover,read,2024/03/03,2013/06/29,2013/06/29,1,"",,,,,,,,,"",,"",No
Our Missing Hearts,Celeste Ng,"",9780593492543,hardcover,read,2024/03/13,2022/11/27,2022/11/27,1,"",,,,,,,,,"",,"",No
I Was Wrong,Andrew Sullivan,"","",digital,read,2024/03/03,2014/02/07,2014/02/07,1,"",,,,,,,,,"",,"",No
The Structure of Scientific Revolutions,Thomas S. Kuhn,"",9780226458083,paperback,read,2024/03/03,2012/10/09,2012/10/09,1,"",,,,,,,,,"",,"",No
"Anarchy, State, and Utopia",Robert Nozick,"",9780465097203,paperback,read,2024/03/03,2014/06/07,2014/06/07,1,"",,,,,,,,,"",,"",No
"Pandora's Gamble: Lab Leaks, Pandemics, and a World at Risk",Alison Young,"",9781546002932,hardcover,read,2024/03/10,2023/09/04,2023/09/04,1,"",,,,,,,,,"",,"",No
Suite Francaise,Irène Némirovsky,Sandra Smith (Translator),9781400096275,paperback,read,2024/03/12,2022/02/27,2022/02/27,1,"",,,,,,,,,"",,"",No
Bloodlands: Europe Between Hitler and Stalin,Timothy Snyder,"",9780465002399,hardcover,read,2024/03/03,2014/12/28,2014/12/28,1,"",,,,,,,5.0,,"",,"",No
"Political Realism: How Hacks, Machines, Big Money, and Back-Room Deals Can Strengthen American Democracy",Jonathan Rauch,"",,digital,read,2024/03/04,2015/05/21,2015/05/21,1,"",,,,,,,,,"",,"",No
Human Evolution: A Pelican Introduction,Robin I.M. Dunbar,"",9780141975313,paperback,read,2024/03/03,2014/10/15,2014/10/15,1,"",,,,,,,,,"",,"",No
World on Fire: How Exporting Free Market Democracy Breeds Ethnic Hatred and Global Instability,Amy Chua,"",9780385721868,paperback,read,2024/03/02,2011/05/24,2011/05/24,1,"",,,,,,,,,"",,"",No
Liar's Poker,Michael Lewis,"",9780393338690,paperback,read,2026/07/08,2026/07/07,2026/07/07,1,"",,,,,,,,,"",,"",No
The Authoritarian Dynamic,Karen Stenner,"",9780521534789,paperback,read,2024/03/11,2020/01/17,2020/01/17,1,"",,,,,,,,,"",,"",No
Seizure,"Brendan Reichs, Kathy Reichs","",9780099543886,hardcover,read,2024/03/03,2013/07/03,2013/07/03,1,"",,,,,,,,,"",,"",No
Piranesi,Susanna Clarke,"",9781635575637,hardcover,read,2024/03/12,2022/01/23,2022/01/23,1,"",,,,,,,5.0,,"",,"",No
Hannah Coulter,Wendell Berry,"",9781593760786,paperback,read,2024/03/10,2019/09/22,2019/09/22,1,"",,,,,,,5.0,,"",,"",No
The Buried Giant,Kazuo Ishiguro,"",9780307271037,hardcover,read,2024/03/06,2016/11/28,2016/11/28,1,"",,,,,,,5.0,,"",,"",No
Popular Crime: Reflections on the Celebration of Violence,Bill James,"",9781416552734,hardcover,read,2024/03/03,2011/07/24,2011/07/24,1,"",,,,,,,,,"",,"",No
The Federalists: A Study in Administrative History,Leonard D. White,"",9780313201011,hardcover,read,2024/03/10,2019/02/10,2019/02/10,1,"",,,,,,,,,"",,"",No
Remarkably Bright Creatures,Shelby Van Pelt,"",9780063204157,hardcover,read,2024/03/10,2024/01/30,2024/01/30,1,"",,,,,,,5.0,,"",,"",No
"A Campaign of Giants: The Battle for Petersburg, Volume One: From the Crossing of the James to the Crater",A. Wilson Greene,"",9781469638577,hardcover,read,2026/01/18,2026/01/18,2026/01/18,1,"",,,,,,,,,"",,"",No
Steelheart,Brandon Sanderson,"",9780385743563,hardcover,read,2024/03/09,2018/11/05,2018/11/05,1,"",,,,,,,,,"",,"",No
Judgment at Tokyo: World War II on Trial and the Making of Modern Asia,Gary J. Bass,"","",hardcover,read,2024/03/10,2024/02/18,2024/02/18,1,"",,,,,,,,,"",,"",No
The Passionate Programmer: Creating a Remarkable Career in Software Development,Chad Fowler,"",9781934356340,paperback,read,2024/03/02,2009/12/15,2009/12/15,1,"",,,,,,,,,"",,"",No
Blue Notes,John Faithful Hamer,"",9781499301724,paperback,read,2024/03/04,2015/08/02,2015/08/02,1,"",,,,,,,,,"",,"",No
"What Hath God Wrought: The Transformation of America, 1815-1848",Daniel Walker Howe,"",9780195078947,hardcover,read,2024/03/08,2018/05/16,2018/05/16,1,"",,,,,,,5.0,,"",,"",No
"Mind-Body Problems: Science, Subjectivity & Who We Really Are",John Horgan,"",,,read,2024/03/10,2019/02/26,2019/02/26,1,"",,,,,,,,,"",,"",No
The Everything Store: Jeff Bezos and the Age of Amazon,Brad Stone,"",9780316219266,hardcover,read,2024/03/04,2015/12/18,2015/12/18,1,"",,,,,,,,,"",,"",No
Speaker for the Dead,Orson Scott Card,"",9780812550757,paperback,read,2024/03/03,2011/10/10,2011/10/10,1,"",,,,,,,5.0,,"",,"",No
Klara and the Sun,Kazuo Ishiguro,"",9780593318171,hardcover,read,2024/03/12,2021/04/07,2021/04/07,1,"",,,,,,,5.0,,"",,"",No
Becoming Trader Joe: How I Did Business My Way and Still Beat the Big Guys,"Patty Civalleri, Joe Coulombe","",9781400225439,paperback,read,2024/03/12,2021/12/11,2021/12/11,1,"",,,,,,,,,"",,"",No
"The Adventure Time Encyclopaedia: Inhabitants, Lore, Spells, and Ancient Crypt Warnings of the Land of Ooo Circa 19.56 B.G.E. - 501 A.G.E.",Martin Olson,"Aisleen Romano, Renée French, Celeste Moreno, Mahendra Singh, Tony Millionaire, Pendleton Ward, Sean Tejaratchi",9781419705649,hardcover,read,2024/03/13,2022/09/23,2022/09/23,1,"",,,,,,,,,"",,"",No
The Journal Of John Woolman,John Woolman,"",9781432607791,hardcover,read,2024/03/10,2019/09/21,2019/09/21,1,"",,,,,,,,,"",,"",No
The Raven Tower,Ann Leckie,"",9780356506999,hardcover,read,2024/03/11,2020/02/29,2020/02/29,1,"",,,,,,,,,"",,"",No
Sprint: How to Solve Big Problems and Test New Ideas in Just Five Days,"Jake Knapp, Braden Kowitz, John Zeratsky","",9781501121746,hardcover,read,2024/03/11,2020/04/12,2020/04/12,1,"",,,,,,,,,"",,"",No
How Asia Works: Success and Failure in the World's Most Dynamic Region,Joe Studwell,"",9780802119599,hardcover,read,2024/03/09,2018/10/10,2018/10/10,1,"",,,,,,,5.0,,"",,"",No
The Best People: Trump's Cabinet and the Siege on Washington,Alexander Nazaryan,"",9780316421430,hardcover,read,2024/03/10,2019/07/20,2019/07/20,1,"",,,,,,,,,"",,"",No
Nexus,Ramez Naam,"",9780857662934,paperback,read,2024/03/04,2015/07/05,2015/07/05,1,"",,,,,,,,,"",,"",No
The Man in the High Castle,Philip K. Dick,"",9780679740674,paperback,read,2024/03/04,2015/06/30,2015/06/30,1,"",,,,,,,,,"",,"",No
The Curse of Bigness: Antitrust in the New Gilded Age,Tim Wu,"",9780999745465,paperback,read,2024/03/09,2018/12/21,2018/12/21,1,"",,,,,,,,,"",,"",No
The Old Man and the Wasteland,Nick Cole,"",,,read,2024/03/03,2012/07/13,2012/07/13,1,"",,,,,,,,,"",,"",No
The Presidential Pardon,Saikrishna Bangalore Prakash,"",9780674303201,hardcover,read,2026/07/31,2026/07/31,2026/07/31,1,"",,,,,,,,,"",,"",No
The Housekeeper and the Professor,Yōko Ogawa,Stephen Snyder (Translator),9780312427801,paperback,read,2024/03/08,2017/11/09,2017/11/09,1,"",,,,,,,,,"",,"",No
Congress's Constitution: Legislative Authority and the Separation of Powers,Josh Chafetz,"",,,read,2025/04/06,2025/04/06,2025/04/06,1,"",,,,,,,5.0,,"",,"",No
The Good Society,Walter Lippmann,"",9780765808042,paperback,read,2024/03/06,2017/02/18,2017/02/18,1,"",,,,,,,,,"",,"",No
Big Data Now,"O'Reilly Media, O'Reilly Media","",,digital,read,2024/03/03,2012/06/25,2012/06/25,1,"",,,,,,,,,"",,"",No
Dies the Fire,S.M. Stirling,"",9780451460417,paperback,read,2024/03/01,2008/10/01,2008/10/01,1,"",,,,,,,,,"",,"",No
The Corner That Held Them,Sylvia Townsend Warner,"",9780860688785,paperback,read,2024/03/10,2019/12/13,2019/12/13,1,"",,,,,,,,,"",,"",No
Caste: The Origins of Our Discontents,Isabel Wilkerson,"",9780593230251,hardcover,read,2024/03/11,2020/09/05,2020/09/05,1,"",,,,,,,5.0,,"",,"",No
The Bright Sword,Lev Grossman,"",9780735224049,hardcover,read,2024/07/31,2024/07/31,2024/07/31,1,"",,,,,,,,,"",,"",No
"The Cause: The American Revolution and its Discontents, 1773-1783",Joseph J. Ellis,"",9781631498985,hardcover,read,2024/03/12,2021/11/06,2021/11/06,1,"",,,,,,,,,"",,"",No
The Coddling of the American Mind: How Good Intentions and Bad Ideas Are Setting up a Generation for Failure,"Greg Lukianoff, Jonathan Haidt","",9780735224902,digital,read,2024/03/09,2018/09/13,2018/09/13,1,"",,,,,,,,,"",,"",No
Sixty-One Nails,Mike Shevdon,"",B003ZSIT0C,digital,read,2024/03/03,2013/08/22,2013/08/22,1,"",,,,,,,,,"",,"",No
Responsible JavaScript,Jeremy Wagner,"",9781952616129,digital,read,2024/03/12,2021/12/11,2021/12/11,1,"",,,,,,,,,"",,"",No
The Way of the Strangers,Graeme Wood,"",9780812988765,digital,read,2024/03/08,2017/06/28,2017/06/28,1,"",,,,,,,,,"",,"",No
Koba the Dread: Laughter and the Twenty Million,Martin Amis,"",9781400032204,paperback,read,2024/03/06,2017/04/08,2017/04/08,1,"",,,,,,,5.0,,"",,"",No
The Unaccountability Machine,Dan Davies,"",9781782839255,digital,read,2025/04/16,2025/04/16,2025/04/16,1,"",,,,,,,,,"",,"",No
The Book of Jhereg,Steven Brust,"",9780441006151,paperback,read,2024/03/02,2010/05/29,2010/05/29,1,"",,,,,,,,,"",,"",No
The Blacktongue Thief,Christopher Buehlman,"",9781250621191,hardcover,read,2024/03/13,2023/02/25,2023/02/25,1,"",,,,,,,,,"",,"",No
The Benefit and The Burden: Tax Reform-Why We Need It and What It Will Take,Bruce Bartlett,"",9781451646191,hardcover,read,2024/03/03,2012/10/31,2012/10/31,1,"",,,,,,,,,"",,"",No
Free Will,Sam Harris,"",9781451683400,paperback,read,2024/03/03,2012/03/10,2012/03/10,1,"",,,,,,,,,"",,"",No
Numbers Don't Lie: 71 Things You Need to Know About the World,Vaclav Smil,"",9780241454411,hardcover,read,2024/03/12,2022/01/17,2022/01/17,1,"",,,,,,,,,"",,"",No
On Constitutional Ground,John Hart Ely,"",9780691025537,,read,2024/05/21,2024/05/21,2024/05/21,1,"",,,,,,,,,"",,"",No
The Damned Busters,Matthew Hughes,"",9780857661036,paperback,read,2024/03/03,2013/03/26,2013/03/26,1,"",,,,,,,,,"",,"",No
"The British Are Coming: The War for America, Lexington to Princeton, 1775-1777",Rick Atkinson,"",9781627790437,hardcover,read,2024/03/12,2021/03/11,2021/03/11,1,"",,,,,,,5.0,,"",,"",No
The Wounded World: W. E. B. Du Bois and the First World War,Chad L. Williams,"",9780374293154,hardcover,read,2024/03/10,2023/08/22,2023/08/22,1,"",,,,,,,,,"",,"",No
The Road,Cormac McCarthy,"Manu Larcenet (Illustrator), Martina Testa (Translator)",9780307265432,hardcover,read,2024/03/01,2008/05/11,2008/05/11,1,"",,,,,,,,,"",,"",No
The Cleanest Race: How North Koreans See Themselves and Why It Matters,B.R. Myers,"",9781933633916,hardcover,read,2024/03/02,2010/08/25,2010/08/25,1,"",,,,,,,,,"",,"",No
The Heart of What Was Lost,Tad Williams,"",9780756412494,digital,read,2024/03/08,2018/05/05,2018/05/05,1,"",,,,,,,,,"",,"",No
The Collected Schizophrenias,Esmé Weijun Wang,"",9781555978273,paperback,read,2024/03/10,2019/06/30,2019/06/30,1,"",,,,,,,,,"",,"",No
The Last Command,Timothy Zahn,"",9780553564921,paperback,read,2024/03/11,2020/11/19,2020/11/19,1,"",,,,,,,,,"",,"",No
Six of Crows,Leigh Bardugo,"",9781627792127,hardcover,read,2024/03/12,2022/01/25,2022/01/25,1,"",,,,,,,,,"",,"",No
"Three Cups of Deceit: How Greg Mortenson, Humanitarian Hero, Lost His Way",Jon Krakauer,"",9781614520016,digital,read,2024/03/02,2011/06/05,2011/06/05,1,"",,,,,,,,,"",,"",No
The Almost Nearly Perfect People: Behind the Myth of the Scandinavian Utopia,Michael Booth,"",9780224089623,paperback,read,2024/03/04,2015/08/31,2015/08/31,1,"",,,,,,,,,"",,"",No
House of Earth and Blood,Sarah J. Maas,"",9781635574043,hardcover,read,2026/02/28,2026/02/28,2026/02/28,1,"",,,,,,,,,"",,"",No
"Fraud of the Century: Rutherford B. Hayes, Samuel Tilden, and the Stolen Election of 1876",Roy Morris Jr.,"",9780743255523,paperback,read,2026/01/01,2026/01/01,2026/01/01,1,"",,,,,,,,,"",,"",No
Minimalist Parenting: Enjoy Modern Family Life More by Doing Less,"Asha Dornfest, Christine K. Koh","",9781937134341,paperback,read,2024/03/03,2013/05/11,2013/05/11,1,"",,,,,,,,,"",,"",No
"Over Sea, Under Stone",Susan Cooper,"",9780689871214,paperback,read,2024/03/11,2020/03/27,2020/03/27,1,"",,,,,,,,,"",,"",No
A Fire Upon the Deep,Vernor Vinge,"",9780812515282,paperback,read,2024/03/02,2009/04/06,2009/04/06,1,"",,,,,,,5.0,,"",,"",No
The Silence of Animals: On Progress and Other Modern Myths,John N. Gray,"",9780374229177,hardcover,read,2024/03/04,2015/09/29,2015/09/29,1,"",,,,,,,,,"",,"",No
"Zen Pencils, Volume 1: Cartoon Quotes from Inspirational Folks",Gavin Aung Than,"",9781449457952,paperback,read,2024/03/03,2014/12/07,2014/12/07,1,"",,,,,,,,,"",,"",No
The Origin and Scope of the American Doctrine of Constitutional Law,James Bradley Thayer,"",9781330950579,,read,2024/03/10,2019/03/20,2019/03/20,1,"",,,,,,,,,"",,"",No
Dangerous Dream,Kami Garcia,"Margaret Stohl, Kevin T. Collins",9781478954835,digital,read,2024/03/03,2014/02/07,2014/02/07,1,"",,,,,,,,,"",,"",No
In the Presence of Mine Enemies: War in the Heart of America 1859-1863,Edward L. Ayers,"",9780393326017,paperback,read,2024/03/08,2018/01/24,2018/01/24,1,"",,,,,,,,,"",,"",No
Utilitarianism,John Stuart Mill,George Sher (Contributor),9780872206052,paperback,read,2024/03/06,2016/11/29,2016/11/29,1,"",,,,,,,,,"",,"",No
Woodley and Its Residents,Al Kilborne,Walter Isaacson,9780738553153,paperback,read,2024/03/04,2015/07/05,2015/07/05,1,"",,,,,,,,,"",,"",No
"Retreat from Moscow: A New History of Germany's Winter Campaign, 1941-1942",David Stahel,"",9780374249526,hardcover,read,2024/03/11,2020/04/05,2020/04/05,1,"",,,,,,,,,"",,"",No
An Unexpected Twist,Andy Borowitz,"",,digital,read,2024/03/03,2012/03/19,2012/03/19,1,"",,,,,,,,,"",,"",No
Achieving Our Country: Leftist Thought in Twentieth-Century America,Richard Rorty,"",9780674003125,paperback,read,2024/03/10,2019/07/20,2019/07/20,1,"",,,,,,,,,"",,"",No
The Handmaid's Tale,Margaret Atwood,"",9780385490818,paperback,read,2024/03/03,2013/06/09,2013/06/09,1,"",,,,,,,,,"",,"",No
The Subversive Puritan,Mostyn Roberts,"",9781783972470,,read,2025/06/01,2025/06/01,2025/06/01,1,"",,,,,,,,,"",,"",No
The Beauty of Dusk: On Vision Lost and Found,Frank Bruni,"",9781982108571,hardcover,read,2024/03/13,2022/11/02,2022/11/02,1,"",,,,,,,,,"",,"",No
Ruination,Anthony Reynolds,"",9780316469050,hardcover,read,2024/03/13,2022/12/01,2022/12/01,1,"",,,,,,,,,"",,"",No
The Omnivore's Dilemma: A Natural History of Four Meals,Michael Pollan,"",9781594200823,hardcover,read,2024/03/01,2008/08/11,2008/08/11,1,"",,,,,,,,,"",,"",No
Chasing the Scream: The First and Last Days of the War on Drugs,Johann Hari,"",9781620408902,hardcover,read,2024/03/12,2022/04/06,2022/04/06,1,"",,,,,,,5.0,,"",,"",No
A Frozen Hell: The Russo-Finnish Winter War of 1939-1940,William R. Trotter,Matthew Lloyd Davies (Narrator),9781977302922,audio,read,2024/03/12,2022/04/29,2022/04/29,1,"",,,,,,,,,"",,"",No
Where the Light Falls: Selected Stories of Nancy Hale,Nancy Hale,"",9781598536423,hardcover,read,2024/03/12,2022/08/31,2022/08/31,1,"",,,,,,,,,"",,"",No
The Path: What Chinese Philosophers Can Teach Us About the Good Life,Michael Puett,Christine Gross-Loh,9781476777832,hardcover,read,2024/03/06,2017/04/08,2017/04/08,1,"",,,,,,,,,"",,"",No
Turning the Flywheel: A Monograph to Accompany Good to Great,"James C. Collins, James C. Collins","",9780062933805,digital,read,2024/03/10,2019/06/04,2019/06/04,1,"",,,,,,,5.0,,"",,"",No
Peopleware: Productive Projects and Teams (2nd edition),"Tom DeMarco, Timothy R. Lister","",9780932633439,paperback,read,2024/03/02,2009/07/28,2009/07/28,1,"",,,,,,,5.0,,"",,"",No
"Billy Budd, Sailor",Herman Melville,"",9781416523727,paperback,read,2024/03/06,2016/12/06,2016/12/06,1,"",,,,,,,,,"",,"",No
The Dark Forest,Cixin Liu,"","",digital,read,2024/03/11,2020/08/18,2020/08/18,1,"",,,,,,,5.0,,"",,"",No
Looking for the Good War: American Amnesia and the Violent Pursuit of Happiness,Elizabeth D. Samet,"",9780374219925,hardcover,read,2024/03/12,2022/04/06,2022/04/06,1,"",,,,,,,,,"",,"",No
Master and Man,Leo Tolstoy,"",9781421803678,hardcover,read,2024/03/01,2008/07/25,2008/07/25,1,"",,,,,,,,,"",,"",No
The House of the Scorpion,Nancy Farmer,"",9780689852237,paperback,read,2024/03/03,2013/10/09,2013/10/09,1,"",,,,,,,,,"",,"",No
The Failures of Integration: How Race and Class Are Undermining the American Dream,Sheryll Cashin,"",9781586483395,paperback,read,2024/03/11,2020/07/01,2020/07/01,1,"",,,,,,,,,"",,"",No
The Four Agreements: A Practical Guide to Personal Freedom,Miguel Ruiz,ภัทริณี เจริญจินดา (Translator),9781878424501,hardcover,read,2024/03/09,2018/07/30,2018/07/30,1,"",,,,,,,,,"",,"",No
Force of Arms,Jack McKinney,"",,paperback,read,2024/03/08,2017/09/30,2017/09/30,1,"",,,,,,,,,"",,"",No
The Grasping Hand: Kelo V. City of New London and the Limits of Eminent Domain,Ilya Somin,"",9780226256603,hardcover,read,2024/03/04,2016/04/03,2016/04/03,1,"",,,,,,,,,"",,"",No
The Marketplace of Ideas: Reform and Resistance in the American University,"Louis Menand, Henry Louis Gates Jr.","",,,read,2024/03/02,2011/01/04,2011/01/04,1,"",,,,,,,,,"",,"",No
Red Mars,Kim Stanley Robinson,"",9780553560732,paperback,read,2024/03/11,2020/06/03,2020/06/03,1,"",,,,,,,,,"",,"",No
Salvation's Fire,Justina Robson,"",9781781086087,paperback,read,2024/03/12,2021/05/23,2021/05/23,1,"",,,,,,,,,"",,"",No
"Brain Rules: 12 Principles for Surviving and Thriving at Work, Home, and School",John Medina,"",9780979777707,hardcover,read,2024/03/03,2011/12/19,2011/12/19,1,"",,,,,,,5.0,,"",,"",No
Lord of Light,Roger Zelazny,"",9780060567231,paperback,read,2024/03/10,2019/04/20,2019/04/20,1,"",,,,,,,,,"",,"",No
Choosing Not to Choose: Understanding the Value of Choice,Cass R. Sunstein,"",9780190231699,hardcover,read,2024/03/06,2017/02/28,2017/02/28,1,"",,,,,,,,,"",,"",No
Robotech: The New Generation: The Invid Invasion,Jack McKinney,"",9780345499011,,read,2024/03/08,2017/11/14,2017/11/14,1,"",,,,,,,,,"",,"",No
The People Themselves: Popular Constitutionalism and Judicial Review,Larry D. Kramer,"",9780195306453,paperback,read,2026/05/01,2026/05/01,2026/05/01,1,"",,,,,,,5.0,"","","","",No
The Sandman Vol. 1: Preludes & Nocturnes,Neil Gaiman,"Karen Berger (Contributor), Malcolm Jones III (Illustrator), Mike Dringenberg (Illustrator), Sam Kieth (Illustrator)",9781563892271,hardcover,read,2024/03/02,2010/02/23,2010/02/23,1,"",,,,,,,,,"",,"",No
"Belated Feudalism: Labor, the Law, and Liberal Development in the United States",Karen Orren,"",9780521422543,paperback,read,2024/03/10,2019/03/09,2019/03/09,1,"",,,,,,,,,"",,"",No
If Then: How the Simulmatics Corporation Invented the Future,Jill Lepore,"",9781631496103,hardcover,read,2024/03/11,2020/12/14,2020/12/14,1,"",,,,,,,,,"",,"",No
Getting to Yes: Negotiating Agreement Without Giving In,Roger Fisher,"Bruce Patton, William Ury",9780140157352,paperback,read,2024/03/11,2020/03/15,2020/03/15,1,"",,,,,,,5.0,,"",,"",No
The Glass Hotel,Emily St. John Mandel,"",9780525521143,hardcover,read,2024/03/12,2022/02/11,2022/02/11,1,"",,,,,,,,,"",,"",No
The Wordy Shipmates,Sarah Vowell,"",9781594489990,hardcover,read,2024/03/02,2009/06/21,2009/06/21,1,"",,,,,,,,,"",,"",No
"The Words That Made Us: America's Constitutional Conversation, 1760-1840",Akhil Reed Amar,"",9780465096350,hardcover,read,2024/03/12,2022/07/03,2022/07/03,1,"",,,,,,,5.0,,"",,"",No
The Book of Strange New Things,Michel Faber,"",9780553418842,hardcover,read,2024/03/04,2015/03/22,2015/03/22,1,"",,,,,,,5.0,,"",,"",No
Marketcrafters: The 100-Year Struggle to Shape the American Economy,Chris Hughes,"",9781668050170,paperback,read,2025/05/24,2025/05/24,2025/05/24,1,"",,,,,,,5.0,,"",,"",No
Subprime Attention Crisis: Advertising and the Time Bomb at the Heart of the Internet,Tim Hwang,"",9780374538651,paperback,read,2024/03/11,2020/10/31,2020/10/31,1,"",,,,,,,,,"",,"",No
Stone of Tears,Terry Goodkind,"",9780312857066,hardcover,read,2024/03/02,2011/02/13,2011/02/13,1,"",,,,,,,,,"",,"",No
The Foundation Pit,Andrey Platonov,"Elizabeth Chandler (Translator), Robert Chandler (Translator), Olga Meerson (Translator), Robert Chandler (Translator)",9781590173053,paperback,read,2024/05/25,2024/05/25,2024/05/25,1,"",,,,,,,,,"",,"",No
Gilead,Marilynne Robinson,"",9780312424404,paperback,read,2024/08/27,2024/08/27,2024/08/27,1,"",,,,,,,5.0,,"",,"",No
The Dragonbone Chair,Tad Williams,"",9780756402693,paperback,read,2024/03/08,2018/03/24,2018/03/24,1,"",,,,,,,,,"",,"",No
Women & Power: A Manifesto,Mary Beard,"",9781631494758,hardcover,read,2024/03/09,2018/10/02,2018/10/02,1,"",,,,,,,,,"",,"",No
"The Invention of Air: A Story of Science, Faith, Revolution, and the Birth of America",Steven Johnson,"",9781594488528,hardcover,read,2024/03/02,2009/03/16,2009/03/16,1,"",,,,,,,,,"",,"",No
Star Wars: Heir to the Empire,Timothy Zahn,"","",digital,read,2024/03/11,2020/11/19,2020/11/19,1,"",,,,,,,,,"",,"",No
Build: An Unorthodox Guide to Making Things Worth Making,Tony Fadell,"",9781787634114,paperback,read,2024/03/12,2022/09/02,2022/09/02,1,"",,,,,,,,,"",,"",No
The Will of the Many,James Islington,"",9781982141172,hardcover,read,2025/12/22,2025/12/21,2025/12/21,1,"",,"","","","","",5.0,"","","","",No
The Limits to Growth: The 30-Year Update,"Donella H. Meadows, Dennis L. Meadows, Jørgen Randers","",9781931498586,paperback,read,2024/03/03,2014/07/15,2014/07/15,1,"",,,,,,,,,"",,"",No
Republic.com 2.0,Cass R. Sunstein,"",9780691133560,hardcover,read,2024/03/02,2010/08/03,2010/08/03,1,"",,,,,,,,,"",,"",No
Montesquieu: Selected Political Writings,"Montesquieu, Melvin Richter","",,paperback,read,2024/03/09,2018/12/08,2018/12/08,1,"",,,,,,,,,"",,"",No
Linchpin: Are You Indispensable?,Seth Godin,"",9781591843160,hardcover,read,2024/03/02,2010/03/13,2010/03/13,1,"",,,,,,,,,"",,"",No
The Shattering: America in the 1960s,Kevin Boyle,"",9780393355994,hardcover,read,2024/03/10,2023/07/21,2023/07/21,1,"",,,,,,,5.0,,"",,"",No
Stone of Farewell,Tad Williams,"",9780756402976,paperback,read,2024/03/08,2018/03/24,2018/03/24,1,"",,,,,,,,,"",,"",No
Life in Code: A Personal History of Technology,Ellen Ullman,"",9780374534516,hardcover,read,2024/03/12,2021/05/08,2021/05/08,1,"",,,,,,,,,"",,"",No
"Freedom from Fear: The American People in Depression and War, 1929-1945",David M. Kennedy,"",9780195144031,paperback,read,2024/03/08,2018/06/29,2018/06/29,1,"",,,,,,,5.0,,"",,"",No
Oliver Cromwell,Theodore Roosevelt,"",9781408698334,paperback,read,2024/03/09,2018/12/08,2018/12/08,1,"",,,,,,,,,"",,"",No
Teenage Mutant Ninja Turtles: The Last Ronin,"Kevin Eastman, Peter Laird, Tom Waltz","",9781684058419,hardcover,read,2024/03/13,2022/12/09,2022/12/09,1,"",,,,,,,,,"",,"",No
The Shadow of What Was Lost,James Islington,"",9780992580209,paperback,read,2025/01/30,2025/01/30,2025/01/30,1,"",,,,,,,,,"",,"",No
It Doesn't Have to Be Crazy at Work,"Jason Fried, David Heinemeier Hansson","",9780062874788,hardcover,read,2024/03/09,2018/10/04,2018/10/04,1,"",,,,,,,,,"",,"",No
The Elfstones of Shannara,Terry Brooks,"",9781841495491,paperback,read,2024/03/10,2019/08/25,2019/08/25,1,"",,,,,,,,,"",,"",No
Deception,A.C. Cobble,"","",digital,read,2024/03/24,2024/03/24,2024/03/24,1,"",,,,,,,,,"",,"",No
The War of Art: Break Through the Blocks & Win Your Inner Creative Battles,Steven Pressfield,Robert McKee,9780446691437,paperback,read,2024/03/02,2011/03/29,2011/03/29,1,"",,,,,,,5.0,,"",,"",No
"Moon Knight, Vol. 1: From the Dead",Warren Ellis,"Dan Brown, Brian Wood, Jordie Bellaire, Greg Smallwood, Declan Shalvey, Fabio Gamberini, Walden Wong, Germán Peralta, Victor Olazaba, Ron Ackins, Cullen Bunn, Tom Palmer, Giuseppe Camuncoli, Steven Sanders",9780785154082,paperback,read,2024/03/09,2018/10/25,2018/10/25,1,"",,,,,,,,,"",,"",No
Writing for Designers,Scott Kubie,"",9781937557799,digital,read,2024/03/12,2021/12/11,2021/12/11,1,"",,,,,,,,,"",,"",No
Unworthy Republic: The Dispossession of Native Americans and the Road to Indian Territory,Claudio Saunt,"",9780393609844,hardcover,read,2024/03/12,2021/01/26,2021/01/26,1,"",,,,,,,5.0,,"",,"",No
The Kreutzer Sonata,Leo Tolstoy,"Doris Lessing (Contributor), Isai Kamen (Translator), Michael A. Denner (Contributor)",9780812968231,paperback,read,2024/03/01,2008/07/22,2008/07/22,1,"",,,,,,,,,"",,"",No
Under the Black Flag: The Romance and the Reality of Life Among the Pirates,David Cordingly,"",9780812977226,paperback,read,2024/03/13,2023/01/29,2023/01/29,1,"",,,,,,,,,"",,"",No
Feast of Souls,C.S. Friedman,"",9780756404321,hardcover,read,2024/03/03,2014/09/04,2014/09/04,1,"",,,,,,,,,"",,"",No
Men Without Work: America's Invisible Crisis,Nicholas Eberstadt,"",9781599474694,paperback,read,2024/03/13,2023/01/29,2023/01/29,1,"",,,,,,,,,"",,"",No
The Girl in the Spider's Web,David Lagercrantz,"",9780385354288,hardcover,read,2024/03/04,2015/10/13,2015/10/13,1,"",,,,,,,,,"",,"",No
Being Liberal in an Illiberal Age: Why I Am a Unitarian Universalist,Jack Mendelsohn,"",9781558965058,paperback,read,2024/03/02,2010/11/06,2010/11/06,1,"",,,,,,,,,"",,"",No
The Hundred Thousand Kingdoms,N.K. Jemisin,"",9780316043915,paperback,read,2024/03/06,2016/01/02,2016/01/02,1,"",,,,,,,,,"",,"",No
The Hard Sell: Crime and Punishment at an Opioid Startup,Evan Hughes,"",9780385544900,hardcover,read,2024/03/12,2022/02/27,2022/02/27,1,"",,,,,,,,,"",,"",No
Pragmatic Thinking and Learning: Refactor Your Wetware,Andrew Hunt,"",9781934356050,paperback,read,2024/03/03,2011/08/24,2011/08/24,1,"",,,,,,,,,"",,"",No
"The Conservative Soul: How We Lost It, How to Get It Back",Andrew Sullivan,"",9780060188771,hardcover,read,2024/03/03,2011/11/11,2011/11/11,1,"",,,,,,,5.0,,"",,"",No
An Artist of the Floating World,Kazuo Ishiguro,"",9780571225361,paperback,read,2024/03/06,2017/04/11,2017/04/11,1,"",,,,,,,,,"",,"",No
The Prince,Niccolò Machiavelli,"Rufus Goodwin (Translator), Benjamin Martinez (Illustrator)",9780937832387,paperback,read,2024/03/13,2022/11/27,2022/11/27,1,"",,,,,,,,,"",,"",No
The Terrible and Wonderful Reasons Why I Run Long Distances,Matthew Inman,"",9781449459956,paperback,read,2024/03/03,2014/09/30,2014/09/30,1,"",,,,,,,,,"",,"",No
Hooked: How to Build Habit-Forming Products,Nir Eyal,"",9781591847786,hardcover,read,2024/03/03,2014/02/07,2014/02/07,1,"",,,,,,,,,"",,"",No
"Angels and Ages: A Short Book about Darwin, Lincoln, and Modern Life",Adam Gopnik,"",9780307270788,hardcover,read,2024/03/02,2009/08/10,2009/08/10,1,"",,,,,,,,,"",,"",No
Of Bees and Mist,Erick Setiawan,"",9781416596240,hardcover,read,2024/03/02,2010/09/16,2010/09/16,1,"",,,,,,,,,"",,"",No
The Deficit Myth,Stephanie Kelton,"",9781541736184,hardcover,read,2024/03/11,2020/08/04,2020/08/04,1,"",,,,,,,,,"",,"",No
The Spice Gate,Prashanth Srivatsa,"",9780063266834,hardcover,read,2025/08/31,2025/08/30,2025/08/30,1,"",,,,,,,,,"",,"",No
The USA is Lesterland: The Nature of Congressional Corruption,Lawrence Lessig,Jin Suk (Illustrator),9781494701604,paperback,read,2024/03/03,2013/04/06,2013/04/06,1,"",,,,,,,,,"",,"",No
The Golden Rhinoceros: Histories of the African Middle Ages,François-Xavier Fauvelle,"",9780691183947,digital,read,2024/03/12,2021/01/30,2021/01/30,1,"",,,,,,,,,"",,"",No
Lying,Sam Harris,"",9781940051000,hardcover,read,2024/03/03,2013/08/30,2013/08/30,1,"",,,,,,,,,"",,"",No
Betterness: Economics for Humans,Umair Haque,"",,,read,2024/03/03,2012/07/12,2012/07/12,1,"",,,,,,,5.0,,"",,"",No
The Lynching: The Epic Courtroom Battle That Brought Down the Klan,Laurence Leamer,"",9780062458346,hardcover,read,2024/03/12,2022/02/20,2022/02/20,1,"",,,,,,,5.0,,"",,"",No
Sonic Boom: Globalization at Mach Speed,Gregg Easterbrook,"",9780812974133,paperback,read,2024/03/02,2010/08/11,2010/08/11,1,"",,,,,,,,,"",,"",No
The Rise and Fall of Classical Greece,Josiah Ober,"",9780691140919,hardcover,read,2024/03/09,2018/10/02,2018/10/02,1,"",,,,,,,,,"",,"",No
Where Men Win Glory: The Odyssey of Pat Tillman,Jon Krakauer,"",9780385522267,hardcover,read,2024/03/02,2011/06/18,2011/06/18,1,"",,,,,,,,,"",,"",No
"Perilous Fight: America's Intrepid War With Britain On The High Seas, 1812-1815",Stephen Budiansky,"",9780307270696,hardcover,read,2024/03/03,2011/07/21,2011/07/21,1,"",,,,,,,,,"",,"",No
Jane Eyre,Charlotte Brontë,"Stevie Davies (Contributor), Juliette Atkinson (Contributor), Margaret Smith (Contributor)",9780142437209,paperback,read,2024/03/04,2015/04/16,2015/04/16,1,"",,,,,,,,,"",,"",No
Scythe,Neal Shusterman,"",1406379247,paperback,read,2024/03/09,2018/07/30,2018/07/30,1,"",,,,,,,,,"",,"",No
Mao's War Against Nature: Politics and the Environment in Revolutionary China,Judith Shapiro,"",9780521786805,paperback,read,2024/03/10,2024/02/29,2024/02/29,1,"",,,,,,,,,"",,"",No
Empty Horizon,A.C. Cobble,Eric Michael Summerer (Narrator),9781541484924,audio,read,2024/03/12,2022/05/15,2022/05/15,1,"",,,,,,,,,"",,"",No
Being Peace,Thích Nhất Hạnh,Arnold Kotler,9780938077008,paperback,read,2024/03/02,2011/01/24,2011/01/24,1,"",,,,,,,5.0,,"",,"",No
"The Constitution a Pro-Slavery Compact, Or, Extracts from the Madison Papers, Etc",Wendell Phillips,American Anti-Slavery Society,9781141406623,paperback,read,2024/03/10,2023/12/05,2023/12/05,1,"",,,,,,,,,"",,"",No
Reforming Criminal Justice: A Christian Proposal,Matthew T. Martens,"","",audio,read,2024/10/25,2024/10/25,2024/10/25,1,"",,,,,,,,,"",,"",No
Give and Take: Why Helping Others Drives Our Success,Adam Grant,"",9780670026555,hardcover,read,2024/03/10,2019/06/07,2019/06/07,1,"",,,,,,,,,"",,"",No
Constitutional Construction: Divided Powers and Constitutional Meaning,Keith E. Whittington,"",9780674005839,paperback,read,2026/06/12,2026/06/11,2026/06/11,1,"",,,,,,,,,"",,"",No
Ancillary Justice,Ann Leckie,"",9780316565172,paperback,read,2024/03/03,2014/06/23,2014/06/23,1,"",,,,,,,5.0,,"",,"",No
The Rhetorical Presidency,Jeffrey K. Tulis,"",9780691022956,paperback,read,2024/03/09,2018/11/11,2018/11/11,1,"",,,,,,,,,"",,"",No
Specialization and Trade: A Reintroduction to Economics: An Introduction,Arnold Kling,"",9781944424169,digital,read,2024/03/05,2016/08/08,2016/08/08,1,"",,,,,,,5.0,,"",,"",No
Stories of Your Life and Others,Ted Chiang,"",9780330426640,paperback,read,2024/03/10,2019/05/19,2019/05/19,1,"",,,,,,,,,"",,"",No
Do the Work,Steven Pressfield,"",9781455820993,audio,read,2024/03/02,2011/05/11,2011/05/11,1,"",,,,,,,,,"",,"",No
Franchise: The Golden Arches in Black America,Marcia Chatelain,"",9781631493942,hardcover,read,2024/03/12,2021/01/15,2021/01/15,1,"",,,,,,,,,"",,"",No
"S Street Rising: Crack, Murder, and Redemption in D.C.",Rubén Castañeda,"",9781620400043,hardcover,read,2024/03/03,2014/07/21,2014/07/21,1,"",,,,,,,,,"",,"",No
Divided We Fall: America's Secession Threat and How to Restore Our Nation,David French,"",9781250201973,hardcover,read,2024/03/11,2020/12/22,2020/12/22,1,"",,,,,,,,,"",,"",No
"Showdown at Gucci Gulch: Lawmakers, Lobbyists, and the Unlikely Triumph of Tax Reform",Alan Murray,"",9780394758114,paperback,read,2024/03/03,2011/08/14,2011/08/14,1,"",,,,,,,,,"",,"",No
On Disobedience and Other Essays,Erich Fromm,"",9780816405008,hardcover,read,2024/03/12,2022/02/11,2022/02/11,1,"",,,,,,,,,"",,"",No
User Stories Applied: For Agile Software Development,Mike Cohn,"",9780321205681,paperback,read,2024/03/02,2009/07/18,2009/07/18,1,"",,,,,,,,,"",,"",No
"Thinking, Fast and Slow",Daniel Kahneman,"",9780374275631,hardcover,read,2024/03/03,2014/03/02,2014/03/02,1,"",,,,,,,5.0,,"",,"",No
An Economic Interpretation of the Constitution of the United States,Charles a. Beard,"",9780486433653,paperback,read,2024/03/08,2017/10/11,2017/10/11,1,"",,,,,,,,,"",,"",No
What If?: Serious Scientific Answers to Absurd Hypothetical Questions,Randall Munroe,"",9780544272996,hardcover,read,2024/03/03,2014/10/02,2014/10/02,1,"",,,,,,,,,"",,"",No
Emotions Explained with Buff Dudes: Owlturd Comix,Andrew Tsyaston,"",9781449486938,paperback,read,2024/03/09,2018/10/25,2018/10/25,1,"",,,,,,,,,"",,"",No
Floating City: A Rogue Sociologist Lost and Found in New York's Underground Economy,Sudhir Venkatesh,"",9781594204166,hardcover,read,2024/03/03,2013/11/25,2013/11/25,1,"",,,,,,,,,"",,"",No
On the Genealogy of Morals,Friedrich Nietzsche,Douglas Smith,9780192836175,paperback,read,2024/03/02,2009/07/04,2009/07/04,1,"",,,,,,,,,"",,"",No
The Right Stuff,Tom Wolfe,"",9780312427566,paperback,read,2024/03/12,2021/12/30,2021/12/30,1,"",,,,,,,,,"",,"",No
H.P. Lovecraft's at the Mountains of Madness: The Second Volume,Gou Tanabe,"",9781506710235,paperback,read,2024/08/28,2024/08/28,2024/08/28,1,"",,,,,,,,,"",,"",No
Beautiful Redemption,"Kami Garcia, Margaret Stohl","",9780316123532,hardcover,read,2024/03/03,2013/07/20,2013/07/20,1,"",,,,,,,,,"",,"",No
H.P. Lovecraft's at the Mountains of Madness: The First Volume,Gou Tanabe,"",9781506710228,paperback,read,2024/08/28,2024/08/28,2024/08/28,1,"",,,,,,,,,"",,"",No
How to Talk So Kids Will Listen & Listen So Kids Will Talk,"Elaine Mazlish, Adele Faber",Kimberly Ann Coe (Contributor),9780380811960,paperback,read,2024/03/03,2013/04/30,2013/04/30,1,"",,,,,,,5.0,,"",,"",No
Oathbringer,Brandon Sanderson,"","",audio,read,2024/05/13,2024/05/13,2024/05/13,1,"",,,,,,,,,"",,"",No
How Elites Ate the Social Justice Movement,Fredrik deBoer,"",9781668016039,digital,read,2024/12/01,2024/12/01,2024/12/01,1,"",,,,,,,,,"",,"",No
How the Rats Re-formed Congress,Ralph Nader,"",,,read,2024/03/10,2023/10/11,2023/10/11,1,"",,,,,,,,,"",,"",No
The Flinch,Julien Smith,"",,digital,read,2024/03/03,2011/12/11,2011/12/11,1,"",,,,,,,,,"",,"",No
Voices from Chernobyl: The Oral History of a Nuclear Disaster,Svetlana Alexiévich,"Keith Gessen (Translator), Alma Lapinskienė (Translator)",9780312425845,paperback,read,2024/03/06,2016/09/16,2016/09/16,1,"",,,,,,,,,"",,"",No
Where Is My Flying Car?,J. Storrs Hall,"",9781953953186,hardcover,read,2024/03/12,2021/12/23,2021/12/23,1,"",,,,,,,,,"",,"",No
The Mote in God's Eye,"Jerry Pournelle, Larry Niven","",9781568650548,hardcover,read,2026/04/04,2026/04/04,2026/04/04,1,"",,,,,,,,,"",,"",No
Why We Did It: A Travelogue from the Republican Road to Hell,Tim Miller,"",9780063161474,hardcover,read,2024/03/12,2022/08/31,2022/08/31,1,"",,,,,,,,,"",,"",No
Ancillary Sword,Ann Leckie,"",9780316246651,paperback,read,2024/03/04,2015/09/26,2015/09/26,1,"",,,,,,,,,"",,"",No
The Remains of the Day,Kazuo Ishiguro,Nicholas Guy Smith (Narrator),9780593209691,audio,read,2024/03/04,2016/03/12,2016/03/12,1,"",,,,,,,5.0,,"",,"",No
Conspiracy,A.C. Cobble,"",9781943363438,paperback,read,2024/03/13,2022/11/20,2022/11/20,1,"",,,,,,,,,"",,"",No
Woke Racism: How a New Religion Has Betrayed Black America,John McWhorter,"",9780593423066,hardcover,read,2024/03/12,2022/03/05,2022/03/05,1,"",,,,,,,,,"",,"",No
"A World Undone: The Story of the Great War, 1914 to 1918",G.J. Meyer,"",9780553803549,hardcover,read,2024/03/10,2019/06/04,2019/06/04,1,"",,,,,,,5.0,,"",,"",No
Smart Brevity: The Power of Saying More with Less,"Jim VandeHei, Roy Schwartz, Mike Allen","",9781523516971,hardcover,read,2024/03/13,2022/10/22,2022/10/22,1,"",,,,,,,5.0,,"",,"",No
Ready Player One,Ernest Cline,"",9780307887436,hardcover,read,2024/03/04,2015/05/21,2015/05/21,1,"",,,,,,,,,"",,"",No
"The Courage to Be Disliked: How to Free Yourself, Change your Life and Achieve Real Happiness","Fumitake Koga, Ichiro Kishimi",Adrian Mulraney (Narrator),9781489440655,audio,read,2024/03/12,2021/12/12,2021/12/12,1,"",,,,,,,,,"",,"",No
Pride and Prejudice,Jane Austen,"",9781441341709,hardcover,read,2024/03/03,2013/05/04,2013/05/04,1,"",,,,,,,,,"",,"",No
"SuperFreakonomics: Global Cooling, Patriotic Prostitutes, and Why Suicide Bombers Should Buy Life Insurance","Steven D. Levitt, Stephen J. Dubner","",9780061932922,hardcover,read,2024/03/02,2010/02/21,2010/02/21,1,"",,,,,,,,,"",,"",No
The Noonday Demon: An Atlas of Depression,Andrew Solomon,"",9780684854670,paperback,read,2024/03/11,2020/02/07,2020/02/07,1,"",,,,,,,,,"",,"",No
Orange World and Other Stories,Karen Russell,"",9781984892218,paperback,read,2024/03/10,2019/07/20,2019/07/20,1,"",,,,,,,,,"",,"",No
Beautiful Chaos,"Kami Garcia, Margaret Stohl","",9780316123525,hardcover,read,2024/03/03,2013/07/20,2013/07/20,1,"",,,,,,,,,"",,"",No
American Gods,Neil Gaiman,"",9780063081918,paperback,read,2024/03/01,2008/09/06,2008/09/06,1,"",,,,,,,,,"",,"",No
A River in Darkness: One Man's Escape from North Korea,Masaji Ishikawa,"",9781542097192,digital,read,2024/03/08,2018/07/30,2018/07/30,1,"",,,,,,,,,"",,"",No
Fourth Wing,Rebecca Yarros,"",9781649374042,hardcover,read,2024/11/09,2024/11/09,2024/11/09,1,"",,,,,,,,,"",,"",No
The Origins of Political Order: From Prehuman Times to the French Revolution,Francis Fukuyama,"",9780374227340,hardcover,read,2024/03/05,2016/09/03,2016/09/03,1,"",,,,,,,,,"",,"",No
Gideon the Ninth,Tamsyn Muir,"",9781250313195,hardcover,read,2024/03/12,2021/05/03,2021/05/03,1,"",,,,,,,,,"",,"",No
A Pale View of Hills,Kazuo Ishiguro,"",0571162835,paperback,read,2024/03/08,2017/08/21,2017/08/21,1,"",,,,,,,,,"",,"",No
Rule of Wolves,Leigh Bardugo,"",9781510109186,paperback,read,2024/03/12,2022/02/06,2022/02/06,1,"",,,,,,,,,"",,"",No
The Altar Girl,Orest Stelmach,"",9781477877975,digital,read,2024/03/04,2015/05/21,2015/05/21,1,"",,,,,,,,,"",,"",No
The Paranoid Style in American Politics: An Essay: from The Paranoid Style in American Politics,Richard Hofstadter,"",9780525433811,digital,read,2025/04/06,2025/04/06,2025/04/06,1,"",,,,,,,5.0,,"",,"",No
A Brief History of Equality,Thomas Piketty,Steven Rendall (Translator),9780674273559,hardcover,read,2024/03/13,2022/10/06,2022/10/06,1,"",,,,,,,,,"",,"",No
Fear Itself: The New Deal and the Origins of Our Time,Ira Katznelson,"",9780871404503,hardcover,read,2024/03/12,2021/02/06,2021/02/06,1,"",,,,,,,,,"",,"",No
The Heart To Start: Stop Procrastinating & Start Creating,David Kadavy,"",,,read,2024/03/10,2019/02/10,2019/02/10,1,"",,,,,,,,,"",,"",No
Scarcity: Why Having Too Little Means So Much,"Eldar Shafir, Sendhil Mullainathan","",9780805092646,hardcover,read,2024/03/11,2020/03/11,2020/03/11,1,"",,,,,,,5.0,,"",,"",No
The Cerulean Queen,Sarah Kozloff,"",9781250168962,paperback,read,2024/03/12,2021/02/21,2021/02/21,1,"",,,,,,,,,"",,"",No
The Half Has Never Been Told: Slavery and the Making of American Capitalism,Edward E. Baptist,"",9780465002962,hardcover,read,2024/03/12,2021/10/23,2021/10/23,1,"",,,,,,,5.0,,"",,"",No
The Least Dangerous Branch: The Supreme Court at the Bar of Politics,Alexander M. Bickel,"",9780300032994,paperback,read,2026/01/18,2026/01/10,2026/01/10,1,"",,,,,,,,,"",,"",No
American by Birth: Wong Kim Ark and the Battle for Citizenship,"Carl Nackenoff, Julie Novkov","",9780700631926,hardcover,read,2025/05/16,2025/05/16,2025/05/16,1,"",,,,,,,,,"",,"",No
How America's Political Parties Change (and How They Don't),Michael Barone,"",9781641770781,hardcover,read,2024/03/10,2023/11/25,2023/11/25,1,"",,,,,,,,,"",,"",No
Kidnapped,Robert Louis Stevenson,"",9780439295789,paperback,read,2024/03/12,2021/02/18,2021/02/18,1,"",,,,,,,,,"",,"",No
"The Broken Constitution: Lincoln, Slavery, and the Refounding of America",Noah Feldman,"",9780374116644,hardcover,read,2024/03/12,2022/04/03,2022/04/03,1,"",,,,,,,,,"",,"",No
Microinteractions: Designing with Details,Dan Saffer,"",9781449342685,paperback,read,2024/03/03,2013/11/15,2013/11/15,1,"",,,,,,,,,"",,"",No
Brown's Requiem,James Ellroy,"",9780380731770,paperback,read,2024/03/03,2011/12/19,2011/12/19,1,"",,,,,,,,,"",,"",No
Earl Warren: A Public Life,G. Edward White,"",,,read,2026/02/13,2026/02/13,2026/02/13,1,"",,,,,,,,,"",,"",No
A Savage War of Peace: Algeria 1954-1962,Alistair Horne,"",9781590172186,paperback,read,2024/03/06,2016/11/01,2016/11/01,1,"",,,,,,,,,"",,"",No
Shortest Way Home: One Mayor's Challenge and a Model for America's Future,Pete Buttigieg,"",9781631494369,hardcover,read,2024/03/10,2019/03/31,2019/03/31,1,"",,,,,,,,,"",,"",No
The Haunting of Hill House,Shirley Jackson,Laura Miller (Contributor),9780143039983,paperback,read,2024/03/02,2010/07/21,2010/07/21,1,"",,,,,,,,,"",,"",No
The Keeper Chronicles,J.A. Andrews,"",B07QN31TDH,digital,read,2024/03/10,2023/05/06,2023/05/06,1,"",,,,,,,,,"",,"",No
Professional Unified Communications Development with Microsoft Lync Server 2010,"Michael Greenlee, George Durzi","",9780470939031,,read,2024/03/02,2011/07/15,2011/07/15,1,"",,,,,,,5.0,,"",,"",No
Romeo and Juliet,William Shakespeare,"",9780743477116,paperback,read,2024/03/13,2023/02/25,2023/02/25,1,"",,,,,,,,,"",,"",No
People of the Book,Geraldine Brooks,"",9780732297381,hardcover,read,2024/03/02,2009/09/29,2009/09/29,1,"",,,,,,,,,"",,"",No
Throne of Glass,Sarah J. Maas,"",9781639730940,hardcover,read,2024/03/09,2018/11/11,2018/11/11,1,"",,,,,,,,,"",,"",No
Twilight of Democracy: The Seductive Lure of Authoritarianism,Anne Applebaum,"",9780771005855,hardcover,read,2024/03/12,2021/11/01,2021/11/01,1,"",,,,,,,,,"",,"",No
The Submerged State: How Invisible Government Policies Undermine American Democracy,Suzanne Mettler,"",9780226521657,paperback,read,2024/03/03,2011/09/30,2011/09/30,1,"",,,,,,,,,"",,"",No
Public Opinion,Walter Lippmann,"",9780684833279,paperback,read,2024/03/08,2017/10/29,2017/10/29,1,"",,,,,,,,,"",,"",No
Dawnshard,Brandon Sanderson,"",9781938570261,digital,read,2024/07/20,2024/07/20,2024/07/20,1,"",,,,,,,,,"",,"",No
Rework,"Jason Fried, David Heinemeier Hansson","",9780307463746,hardcover,read,2024/03/02,2010/03/17,2010/03/17,1,"",,,,,,,,,"",,"",No
"The Court at War: FDR, His Justices, and the World They Made",Cliff Sloan,"",9781541736481,hardcover,read,2024/12/01,2024/12/01,2024/12/01,1,"",,,,,,,5.0,,"",,"",No
Watchmen,Alan Moore,"John Higgins (Illustrator), Dave Gibbons (Illustrator)",9780930289232,paperback,read,2024/03/01,2008/07/11,2008/07/11,1,"",,,,,,,5.0,,"",,"",No
The Making of Donald Trump,David Cay Johnston,"",9781612196329,hardcover,read,2024/03/06,2016/11/25,2016/11/25,1,"",,,,,,,,,"",,"",No
Zero to One,Peter Thiel,Blake Masters,9780804139298,hardcover,read,2024/03/03,2014/10/17,2014/10/17,1,"",,,,,,,,,"",,"",No
Average is Over: Powering America Beyond the Age of the Great Stagnation,Tyler Cowen,"",9780525953739,,read,2024/03/03,2014/03/30,2014/03/30,1,"",,,,,,,,,"",,"",No
Poke the Box,Seth Godin,"",9781936719006,hardcover,read,2024/03/02,2011/03/25,2011/03/25,1,"",,,,,,,,,"",,"",No
Hell to Pay,Matthew Hughes,"","",paperback,read,2024/03/03,2013/04/03,2013/04/03,1,"",,,,,,,,,"",,"",No
Endless Flight,A.C. Cobble,Eric Michael Summerer (Narrator),9781515965671,audio,read,2024/03/12,2022/05/09,2022/05/09,1,"",,,,,,,,,"",,"",No
"Nudge: Improving Decisions about Health, Wealth, and Happiness","Richard H. Thaler, Cass R. Sunstein","",9780143115267,paperback,read,2024/03/02,2009/10/25,2009/10/25,1,"",,,,,,,,,"",,"",No
Elantris,Brandon Sanderson,"",9780765350374,paperback,read,2024/03/03,2013/05/27,2013/05/27,1,"",,,,,,,,,"",,"",No
"Poverty, by America",Matthew Desmond,"",9780593239919,hardcover,read,2024/03/10,2023/05/21,2023/05/21,1,"",,,,,,,,,"",,"",No
Against the Grain: A Deep History of the Earliest States,James C. Scott,"",9780300182910,hardcover,read,2024/03/08,2018/01/07,2018/01/07,1,"",,,,,,,,,"",,"",No
The Lord of Opium,Nancy Farmer,"",9781442482548,hardcover,read,2024/03/03,2013/10/13,2013/10/13,1,"",,,,,,,,,"",,"",No
How to Interpret the Constitution,Cass R. Sunstein,"","",audio,read,2024/07/27,2024/07/27,2024/07/27,1,"",,,,,,,,,"",,"",No
Revolutionary Characters: What Made the Founders Different,Gordon S. Wood,"",9781594200939,hardcover,read,2024/03/01,2008/08/19,2008/08/19,1,"",,,,,,,,,"",,"",No
Assassination Vacation,Sarah Vowell,"",9780743260046,paperback,read,2024/03/04,2015/10/24,2015/10/24,1,"",,,,,,,,,"",,"",No
The Oldest Constitutional Question: Enumeration and Federal Power,Richard Primus,"",9780674293595,hardcover,read,2025/11/29,2025/11/29,2025/11/29,1,"",,,,,,,5.0,"","","","",No
The Smallest Minority: Independent Thinking in the Age of Mob Politics,Kevin D. Williamson,"",9781621579687,hardcover,read,2024/03/12,2021/09/25,2021/09/25,1,"",,,,,,,,,"",,"",No
"""what Shall We Do with the Negro?"": Lincoln, White Racism, and Civil War America",Paul D. Escott,"",9780813927862,hardcover,read,2024/03/10,2024/02/29,2024/02/29,1,"",,,,,,,5.0,,"",,"",No
Angler,Barton Gellman,"",9781594201868,hardcover,read,2024/03/02,2009/12/25,2009/12/25,1,"",,,,,,,,,"",,"",No
the dream machine,M. Mitchell Waldrop,"",9780142001356,hardcover,read,2024/03/09,2018/12/21,2018/12/21,1,"",,,,,,,,,"",,"",No
Regime Change: Inside the Imperial Presidency of Donald Trump,"Jonathan Swan, Maggie Haberman","",9781668067246,hardcover,read,2026/07/08,2026/07/07,2026/07/07,1,"",,,,,,,,,"",,"",No
Nocturnes: Five Stories of Music and Nightfall,Kazuo Ishiguro,"",9780307397874,hardcover,read,2024/03/08,2017/09/05,2017/09/05,1,"",,,,,,,,,"",,"",No
Extreme Programming Explained: Embrace Change,"Cynthia Andres, Kent Beck","",9780321278654,paperback,read,2024/03/02,2010/02/20,2010/02/20,1,"",,,,,,,,,"",,"",No
How to Live: A Life of Montaigne in One Question and Twenty Attempts at An Answer,Sarah Bakewell,"",9780701178925,hardcover,read,2024/03/03,2012/06/21,2012/06/21,1,"",,,,,,,,,"",,"",No
The Book of Job: When Bad Things Happen to a Good Person,Harold S. Kushner,"",9780805242928,hardcover,read,2024/03/12,2021/09/12,2021/09/12,1,"",,,,,,,,,"",,"",No
The Jack Vance Treasury,Jack Vance,"",9781596060777,hardcover,read,2024/03/02,2009/06/25,2009/06/25,1,"",,,,,,,,,"",,"",No
Thurgood Marshall: American Revolutionary,Juan Williams,"",9780812932997,paperback,read,2024/03/01,2008/09/11,2008/09/11,1,"",,,,,,,,,"",,"",No
Schubert's Winter Journey: Anatomy of an Obsession,Ian Bostridge,"",9780307961631,hardcover,read,2024/03/04,2016/01/11,2016/01/11,1,"",,,,,,,,,"",,"",No
The Forever War,Joe Haldeman,"",0860078825,paperback,read,2024/03/03,2012/08/15,2012/08/15,1,"",,,,,,,,,"",,"",No
Beautiful Darkness,"Kami Garcia, Margaret Stohl","",9780316077057,hardcover,read,2024/03/03,2013/07/06,2013/07/06,1,"",,,,,,,,,"",,"",No
The Line,J.D. Horn,"",9781477809730,paperback,read,2024/03/03,2014/05/10,2014/05/10,1,"",,,,,,,,,"",,"",No
Burma '44: The Battle That Turned Britain's War in the East,James Holland,"",,paperback,read,2026/02/13,2026/02/13,2026/02/13,1,"",,,,,,,,,"",,"",No
Change.edu: Rebooting for the New Talent Economy,Andrew S. Rosen,"",9781607144410,hardcover,read,2024/03/03,2012/03/19,2012/03/19,1,"",,,,,,,,,"",,"",No
The Gallic War,Julius Caesar,H. J. Edwards (Translator),9780674990807,hardcover,read,2024/03/09,2018/10/02,2018/10/02,1,"",,,,,,,,,"",,"",No
The Giver,Lois Lowry,"",9780385732550,paperback,read,2024/03/03,2014/08/28,2014/08/28,1,"",,,,,,,,,"",,"",No
The Origins of Virtue: Human Instincts and the Evolution of Cooperation,Matt Ridley,"",9780140264456,paperback,read,2024/03/04,2016/01/10,2016/01/10,1,"",,,,,,,,,"",,"",No
Firebrand of Liberty: The Story of Two Black Regiments That Changed the Course of the Civil War,Stephen V. Ash,"",,,read,2024/03/02,2009/09/20,2009/09/20,1,"",,,,,,,,,"",,"",No
The Guarantee Clause Of The U. S. Constitution,William M. Wiecek,"",9780801406713,,read,2024/07/22,2024/07/22,2024/07/22,1,"",,,,,,,,,"",,"",No
Essays in the Public Philosophy,Walter Lippmann,"",,,read,2024/03/06,2017/04/08,2017/04/08,1,"",,,,,,,,,"",,"",No
The Unwritten Laws of Engineering,W.J. King,James G. Skakoon,9780791801628,hardcover,read,2024/03/03,2013/05/04,2013/05/04,1,"",,,,,,,,,"",,"",No
"Free to Move: Foot Voting, Migration, and Political Freedom",Ilya Somin,"",9780190054588,hardcover,read,2024/03/13,2022/09/26,2022/09/26,1,"",,,,,,,,,"",,"",No
The Art of Doing Science and Engineering: Learning to Learn,Richard Hamming,"",9789056995010,paperback,read,2024/03/12,2022/03/24,2022/03/24,1,"",,,,,,,,,"",,"",No
Hiero's Journey,Sterling E. Lanier,"",9781399620512,paperback,read,2025/08/25,2025/08/25,2025/08/25,1,"",,,,,,,,,"",,"",No
What Jesus Meant,Garry Wills,"",9780143038801,paperback,read,2024/03/01,2008/08/21,2008/08/21,1,"",,,,,,,,,"",,"",No
The Dragons of Expectation: Reality and Delusion in the Course of History,Robert Conquest,"",9780393327595,paperback,read,2024/03/03,2015/02/17,2015/02/17,1,"",,,,,,,,,"",,"",No
Interface-oriented Design,Kenneth Pugh,"",9780976694052,paperback,read,2024/03/01,2008/09/14,2008/09/14,1,"",,,,,,,,,"",,"",No
Tyranny of the Minority,"Steven Levitsky, Daniel Ziblatt","",9780593443071,hardcover,read,2024/05/15,2024/05/15,2024/05/15,1,"",,,,,,,,,"",,"",No
Shift: A Virals Adventure,Kathy Reichs,Brendan Reichs,9781101630594,digital,read,2024/03/03,2013/08/30,2013/08/30,1,"",,,,,,,,,"",,"",No
Thinking in Systems: A Primer,Donella H. Meadows,Diana Wright (Contributor),9781603580557,paperback,read,2024/03/03,2012/09/07,2012/09/07,1,"",,,,,,,5.0,,"",,"",No
Age of Fracture,Daniel T. Rodgers,"",9780674064362,paperback,read,2024/03/10,2019/07/20,2019/07/20,1,"",,,,,,,,,"",,"",No
A Borrowed Man,Gene Wolfe,"",9780765381149,hardcover,read,2024/03/10,2019/07/12,2019/07/12,1,"",,,,,,,,,"",,"",No
Dream Dark,Kami Garcia,Margaret Stohl,9780316197045,digital,read,2024/03/03,2013/08/30,2013/08/30,1,"",,,,,,,,,"",,"",No
"Whiteshift: Populism, Immigration and the Future of White Majorities",Eric P. Kaufmann,"",9780241317105,,read,2024/03/10,2019/09/24,2019/09/24,1,"",,,,,,,,,"",,"",No
Warbreaker,Brandon Sanderson,"Elizabeth Jernigan (Narrator), Christopher Graybill (Narrator), Colleen Delany (Narrator), Steven Carpenter (Narrator), Scott McCormick (Narrator), Ken Jackson (Narrator), James Konicek (Narrator), Tim Getman (Narrator), Karen Carbone (Narrator), David Coyne (Narrator), Dylan Lynch (Narrator)",B09C6JSCD9,audio,read,2024/03/03,2013/12/25,2013/12/25,1,"",,,,,,,5.0,,"",,"",No
At the Bay,Katherine Mansfield,"",9781857997422,digital,read,2024/03/06,2016/11/29,2016/11/29,1,"",,,,,,,,,"",,"",No
The Siege: The Saga of Israel and Zionism,Conor Cruise O'Brien,"",9780671633103,paperback,read,2024/03/10,2019/12/19,2019/12/19,1,"",,,,,,,,,"",,"",No
The Man Who Lived Underground,Richard Wright,"",9781598536768,hardcover,read,2024/03/12,2021/12/21,2021/12/21,1,"",,,,,,,,,"",,"",No
The Retreat of Western Liberalism,Edward Luce,"",9780802127396,hardcover,read,2024/03/08,2017/12/16,2017/12/16,1,"",,,,,,,,,"",,"",No
Decipher,Stel Pavlou,"",9780312366964,paperback,read,2024/03/02,2011/04/10,2011/04/10,1,"",,,,,,,,,"",,"",No
The Politicians and the Egalitarians: The Hidden History of American Politics,Sean Wilentz,"",9780393285024,hardcover,read,2024/03/11,2020/06/29,2020/06/29,1,"",,,,,,,,,"",,"",No
A. Lincoln: A Biography,Ronald C. White,"",9780812975703,paperback,read,2024/03/10,2019/08/24,2019/08/24,1,"",,,,,,,,,"",,"",No
The Decline and Fall of the American Republic,Bruce A. Ackerman,"",9780674057036,hardcover,read,2024/03/10,2019/09/24,2019/09/24,1,"",,,,,,,,,"",,"",No
On Liberty,John Stuart Mill,"","",digital,read,2024/03/03,2014/07/19,2014/07/19,1,"",,,,,,,5.0,,"",,"",No
The Fellowship of the Ring,J.R.R. Tolkien,"",9780063270886,paperback,read,2024/03/08,2017/05/31,2017/05/31,1,"",,,,,,,5.0,,"",,"",No
The Mueller Report Illustrated: The Obstruction Investigation,The Washington Post,Jan Feindt (Illustrator),9781982149277,paperback,read,2024/03/11,2020/01/17,2020/01/17,1,"",,,,,,,,,"",,"",No
Lincoln: A Very Short Introduction,Allen C. Guelzo,"",9780195367805,paperback,read,2024/03/08,2017/12/16,2017/12/16,1,"",,,,,,,,,"",,"",No
On Suicide,Émile Durkheim,"Richard Sennett, Robin Buss (Translator)",9780140449679,paperback,read,2024/03/12,2022/06/05,2022/06/05,1,"",,,,,,,,,"",,"",No
Reagan: The Life,H.W. Brands,"",9780385536394,hardcover,read,2024/03/08,2017/04/28,2017/04/28,1,"",,,,,,,,,"",,"",No
The Internationalists: How a Radical Plan to Outlaw War Remade the World,"Scott J. Shapiro, Oona A. Hathaway","",9781501109867,hardcover,read,2024/03/08,2018/07/06,2018/07/06,1,"",,,,,,,,,"",,"",No
Heaven's Shadow,David S. Goyer,Michael Cassutt,9780441020331,hardcover,read,2024/03/03,2014/08/17,2014/08/17,1,"",,,,,,,,,"",,"",No
Thinking in an Emergency,Elaine Scarry,"",9780393078985,digital,read,2024/03/04,2015/01/26,2015/01/26,1,"",,,,,,,,,"",,"",No
A Quaker Book of Wisdom,Robert Lawrence Smith,"",9780688172336,paperback,read,2024/03/09,2018/11/11,2018/11/11,1,"",,,,,,,,,"",,"",No
Code Is for Humans: A Guide to Human-Centric Software Engineering,Zohar Jackson,"",9798861816489,paperback,read,2024/03/10,2024/02/29,2024/02/29,1,"",,,,,,,,,"",,"",No
Principles: Life and Work,Ray Dalio,"",9781508243243,audio,read,2024/03/11,2020/06/03,2020/06/03,1,"",,,,,,,,,"",,"",No
Washington's Farewell: The Founding Father's Warning to Future Generations,John P. Avlon,"",9781476746487,digital,read,2024/03/08,2017/11/14,2017/11/14,1,"",,,,,,,,,"",,"",No
"Killing the Black Body: Race, Reproduction, and the Meaning of Liberty",Dorothy Roberts,"",9780679758693,paperback,read,2024/03/11,2020/08/30,2020/08/30,1,"",,,,,,,,,"",,"",No
The Thirty Years War,C.V. Wedgwood,"",9781590171462,paperback,read,2024/03/13,2023/03/21,2023/03/21,1,"",,,,,,,,,"",,"",No
"The Daily Stoic: 366 Meditations on Wisdom, Perseverance, and the Art of Living","Stephen Hanselman, Ryan Holiday","",9780735211742,digital,read,2024/03/08,2017/05/10,2017/05/10,1,"",,,,,,,,,"",,"",No
Burning Tower,A.C. Cobble,Eric Michael Summerer (Narrator),9781541414938,audio,read,2024/03/12,2022/05/16,2022/05/16,1,"",,,,,,,,,"",,"",No
The Woman They Could Not Silence,Kate Moore,"",9781492696728,hardcover,read,2024/03/12,2022/03/24,2022/03/24,1,"",,,,,,,5.0,,"",,"",No
In the Shadow of War: The United States Since the 1930's,Michael S. Sherry,"",9780300061116,hardcover,read,2024/03/06,2017/02/19,2017/02/19,1,"",,,,,,,,,"",,"",No
The Point of Pointless Work,"Rebecca Green, Ali Almossawi","",,,read,2024/03/09,2018/09/23,2018/09/23,1,"",,,,,,,,,"",,"",No
The Radium Girls: The Dark Story of America's Shining Women,Kate Moore,"",9781492649359,hardcover,read,2024/03/12,2022/05/15,2022/05/15,1,"",,,,,,,,,"",,"",No
Badass: Making Users Awesome,Kathy Sierra,"",9781491919019,paperback,read,2024/03/04,2015/04/03,2015/04/03,1,"",,,,,,,,,"",,"",No
The Consuming Fire,John Scalzi,"",9780765388995,paperback,read,2024/03/09,2018/12/25,2018/12/25,1,"",,,,,,,,,"",,"",No
The Bottleneck Rules: The Go-To Guide to Eli Goldratt's Theory of Constraints,Clarke Ching,"","",digital,read,2024/03/10,2019/03/20,2019/03/20,1,"",,,,,,,,,"",,"",No
It's All Relative: Adventures Up and Down the World's Family Tree,A.J. Jacobs,"",9781476734491,hardcover,read,2024/03/08,2018/04/22,2018/04/22,1,"",,,,,,,,,"",,"",No
"Inherently Unequal: The Betrayal of Equal Rights by the Supreme Court, 1865-1903",Lawrence Goldstone,"",,,read,2024/03/11,2020/11/19,2020/11/19,1,"",,,,,,,,,"",,"",No
Interview with the Vampire,Anne Rice,"",9780345476876,paperback,read,2024/03/01,2008/05/05,2008/05/05,1,"",,,,,,,,,"",,"",No
The Principles of Morals and Legislation,Jeremy Bentham,"",9780879754341,paperback,read,2024/03/10,2023/12/17,2023/12/17,1,"",,,,,,,,,"",,"",No
An Ember in the Ashes,Sabaa Tahir,"",9780698176461,digital,read,2024/03/08,2017/04/28,2017/04/28,1,"",,,,,,,,,"",,"",No
Illiberal America: A History,Steven Hahn,"",9780393635928,hardcover,read,2024/12/16,2024/12/16,2024/12/16,1,"",,,,,,,,,"",,"",No
Lock In,John Scalzi,"",9780765375865,hardcover,read,2024/03/10,2019/03/09,2019/03/09,1,"",,,,,,,,,"",,"",No
Final Vision: The Last Word on Jeffrey MacDonald,Joe McGinniss,"",,,read,2024/03/03,2013/02/25,2013/02/25,1,"",,,,,,,,,"",,"",No
Impossible Creatures,Katherine Rundell,"",9780593809860,hardcover,read,2024/09/22,2024/09/22,2024/09/22,1,"",,,,,,,,,"",,"",No
Quaker Spirituality: Selected Writings,"","",9780809125104,paperback,read,2024/03/10,2019/09/21,2019/09/21,1,"",,,,,,,,,"",,"",No
The Principles of Object-Oriented JavaScript,Nicholas C. Zakas,"",9781593275402,paperback,read,2024/03/03,2013/11/15,2013/11/15,1,"",,,,,,,5.0,,"",,"",No
On Tyranny: Twenty Lessons from the Twentieth Century,Timothy Snyder,"",9780804190114,paperback,read,2024/03/06,2017/03/11,2017/03/11,1,"",,,,,,,,,"",,"",No
The American Political Tradition: And the Men Who Made It,Richard Hofstadter,"",9780679723158,paperback,read,2024/03/01,2008/05/05,2008/05/05,1,"",,,,,,,,,"",,"",No
American Carnage: Behind the Scenes of the Republican Civil War and the Rise of Trump,Tim Alberta,"",9780062896445,hardcover,read,2024/03/10,2019/07/25,2019/07/25,1,"",,,,,,,5.0,,"",,"",No
"The Great Dissenter: The Story of John Marshall Harlan, America's Judicial Hero",Peter S. Canellos,"",9781501188206,hardcover,read,2024/03/12,2022/08/25,2022/08/25,1,"",,,,,,,5.0,,"",,"",No
Memory and Authority: The Uses of History in Constitutional Interpretation,Jack M. Balkin,"",9780300277128,digital,read,2024/04/11,2024/04/11,2024/04/11,1,"",,,,,,,,,"",,"",No
Jefferson and Civil Liberties: The Darker Side,Leonard W. Levy,"",9780929587110,paperback,read,2024/03/11,2020/10/25,2020/10/25,1,"",,,,,,,,,"",,"",No
Return to Sender,Julia Alvarez,"Ozzie Rodriguez (Narrator), Olivia Preciado (Narrator)",9780307707314,audio,read,2024/03/10,2019/11/11,2019/11/11,1,"",,,,,,,,,"",,"",No
C# Smorgasbord,Filip Ekberg,"",9781468152104,paperback,read,2024/03/03,2013/08/20,2013/08/20,1,"",,,,,,,,,"",,"",No
"From Strength to Strength: Finding Success, Happiness, and Deep Purpose in the Second Half of Life",Arthur C. Brooks,"",9780593191491,digital,read,2024/03/10,2023/11/11,2023/11/11,1,"",,,,,,,,,"",,"",No
Sea of Tranquility,Emily St. John Mandel,"",9780593321447,hardcover,read,2024/03/12,2022/05/09,2022/05/09,1,"",,,,,,,,,"",,"",No
The Other House,Henry James,Louis Begley,9780940322325,paperback,read,2024/03/02,2010/03/02,2010/03/02,1,"",,,,,,,,,"",,"",No
Seveneves,Neal Stephenson,"",9780008132538,digital,read,2024/03/08,2018/06/05,2018/06/05,1,"",,,,,,,,,"",,"",No
Skyward,Brandon Sanderson,"",9781473217850,hardcover,read,2024/07/20,2024/07/20,2024/07/20,1,"",,,,,,,5.0,,"",,"",No
Evicted: Poverty and Profit in the American City,Matthew Desmond,"",9780553447439,hardcover,read,2024/03/08,2018/06/05,2018/06/05,1,"",,,,,,,5.0,,"",,"",No
Out of Office: The Big Problem and Bigger Promise of Working from Home,"Charlie Warzel, Anne Helen Petersen","",9780593320099,hardcover,read,2024/03/12,2022/03/12,2022/03/12,1,"",,,,,,,,,"",,"",No
Islam and the Future of Tolerance: A Dialogue,"Maajid Nawaz, Sam Harris","",9780674088702,hardcover,read,2024/03/04,2016/03/15,2016/03/15,1,"",,,,,,,,,"",,"",No
ISIS: Inside the Army of Terror,Michael Weiss,Hassan Hassan,9781941393574,paperback,read,2024/03/04,2016/05/25,2016/05/25,1,"",,,,,,,,,"",,"",No
The American West: The Invention of a Myth,David Hamilton Murdoch,"",9780874173697,paperback,read,2024/03/10,2023/11/27,2023/11/27,1,"",,,,,,,5.0,,"",,"",No
An Illustrated Book of Bad Arguments,Ali Almossawi,Alejandro Giraldo,9780989931205,hardcover,read,2024/03/03,2014/09/30,2014/09/30,1,"",,,,,,,,,"",,"",No
The Gathering Storm,Winston Churchill,"",9780141441726,paperback,read,2024/03/10,2019/04/29,2019/04/29,1,"",,,,,,,,,"",,"",No
Bad Choices: How Algorithms Can Help You Think Smarter and Live Happier,Ali Almossawi,"",9780735222120,hardcover,read,2024/03/06,2017/04/11,2017/04/11,1,"",,,,,,,,,"",,"",No
The Provincial Committees of Safety of the American Revolution,Agnes 1876-1923 Hunt,Western Reserve University,9781363422869,paperback,read,2024/03/12,2022/05/16,2022/05/16,1,"",,,,,,,,,"",,"",No
The Great War: A Combat History of the First World War,Peter Hart,"",9780199976270,hardcover,read,2024/03/10,2019/04/20,2019/04/20,1,"",,,,,,,5.0,,"",,"",No
One Billion Americans: The Case for Thinking Bigger,Matthew Yglesias,"",9780593190210,hardcover,read,2024/03/11,2020/12/22,2020/12/22,1,"",,,,,,,,,"",,"",No
Infinity War,Jim Starlin,Ron Lim (Illustrator),9780785121053,paperback,read,2025/01/07,2025/01/07,2025/01/07,1,"",,,,,,,,,"",,"",No
The Name of the Wind,Patrick Rothfuss,"",9780756404079,hardcover,read,2024/03/03,2013/10/30,2013/10/30,1,"",,,,,,,5.0,,"",,"",No
"Me and White Supremacy: Combat Racism, Change the World, and Become a Good Ancestor",Layla F. Saad,"",9781728209807,hardcover,read,2024/03/11,2020/08/19,2020/08/19,1,"",,,,,,,,,"",,"",No
Wind and Truth,Brandon Sanderson,"",9781250319180,hardcover,read,2025/04/28,2025/04/28,2025/04/28,1,"",,,,,,,5.0,,"",,"",No
"A History of the World Since 9/11: Disaster, Deception, and Destruction in the War on Terror",Dominic Streatfeild,"",9781608192700,hardcover,read,2024/03/03,2011/10/17,2011/10/17,1,"",,,,,,,,,"",,"",No
"The Roads to Modernity: The British, French, and American Enlightenments",Gertrude Himmelfarb,"",9781400077229,paperback,read,2024/03/02,2010/07/20,2010/07/20,1,"",,,,,,,,,"",,"",No
The Price of Glory: Verdun 1916; Revised Edition,Alistair Horne,"",9780140170412,paperback,read,2024/03/10,2019/01/27,2019/01/27,1,"",,,,,,,,,"",,"",No
"Game Change: Obama and the Clintons, McCain and Palin, and the Race of a Lifetime",John Heilemann,Mark Halperin,9780061733635,hardcover,read,2024/03/02,2010/04/30,2010/04/30,1,"",,,,,,,,,"",,"",No
Living the Quaker Way: Timeless Wisdom For a Better Life Today,Philip Gulley,"",9780307955784,hardcover,read,2024/03/10,2019/08/28,2019/08/28,1,"",,,,,,,,,"",,"",No
Hypermedia Systems,Carson Gross,"Adam Stepinski, Deniz Akşimşek, William Talcott, Mike Amundsen","",digital,read,2024/03/10,2024/01/26,2024/01/26,1,"",,,,,,,5.0,,"",,"",No
Hitler's American Model: The United States and the Making of Nazi Race Law,James Q. Whitman,"",9780691172422,hardcover,read,2024/03/11,2020/01/12,2020/01/12,1,"",,,,,,,,,"",,"",No
Decisive: How to Make Better Choices in Life and Work,"Chip Heath, Dan Heath","",9780307956392,hardcover,read,2024/03/03,2013/12/15,2013/12/15,1,"",,,,,,,5.0,,"",,"",No
Software Engineering with Microsoft Visual Studio Team System,Sam Guckenheimer,"",9780321278722,paperback,read,2024/03/01,2008/06/28,2008/06/28,1,"",,,,,,,,,"",,"",No
Acacia: The War with the Mein,David Anthony Durham,"",9780385506069,hardcover,read,2024/03/02,2010/11/29,2010/11/29,1,"",,,,,,,5.0,,"",,"",No
Campaigning with Grant,Horace Porter,Brooks D. Simpson,9780803287631,paperback,read,2024/12/01,2024/11/21,2024/11/21,1,"",,,,,,,,,"",,"",No
Supergods,Grant Morrison,"",9781400069125,hardcover,read,2024/03/03,2011/09/28,2011/09/28,1,"",,,,,,,,,"",,"",No
Siege and Storm,Leigh Bardugo,"",9781250322975,hardcover,read,2024/03/12,2021/12/05,2021/12/05,1,"",,,,,,,,,"",,"",No
"Punish Treason, Reward Loyalty: The Forgotten Goals of Constitutional Reform after the Civil War",Mark A. Graber,"",9780700635030,hardcover,read,2025/01/18,2025/01/18,2025/01/18,1,"",,,,,,,5.0,,"",,"",No
A People's Future of the United States,"John Joseph Adams, Victor LaValle","Omar El Akkad, Lizz Huerta, G. Willow Wilson, Seanan McGuire, Malka Older, Hugh Howey, Gabby Rivera, Daniel H. Wilson, Alice Sola Kim, Violet Allen, N.K. Jemisin, Ashok K. Banker, Kai Cheng Thom, Charles Yu, Maria Dahvana Headley, Justina Ireland, Sam J. Miller, A. Merc Rustad, Tobias S. Buckell, Charlie Jane Anders, Daniel José Older, Lesley Nneka Arimah, Catherynne M. Valente, Tananarive Due, Jamie Ford, Victor LaValle (Contributor), John Joseph Adams (Contributor)",9780525508809,paperback,read,2024/03/10,2019/05/17,2019/05/17,1,"",,,,,,,,,"",,"",No
"You Are Awesome: How to Navigate Change, Wrestle with Failure, and Live an Intentional Life",Neil Pasricha,"",9781982135881,hardcover,read,2024/03/13,2023/01/22,2023/01/22,1,"",,,,,,,,,"",,"",No
"The Loyalists in Revolutionary America, 1760 - 1781",Robert McCluer Calhoon,"",9780151547456,hardcover,read,2024/03/12,2022/05/16,2022/05/16,1,"",,,,,,,,,"",,"",No
Ring of Steel: Germany and Austria-Hungary in World War I,Alexander Watson,"",9780465018727,hardcover,read,2024/03/13,2023/01/22,2023/01/22,1,"",,,,,,,,,"",,"",No
"Mao's Great Famine: The History Of China's Most Devastating Catastrophe, 1958-62",Frank Dikötter,"",9780747595083,hardcover,read,2024/03/08,2017/11/26,2017/11/26,1,"",,,,,,,,,"",,"",No
Wave,Sonali Deraniyagala,Hannah Curtis,9780385366632,audio,read,2024/03/03,2013/06/28,2013/06/28,1,"",,,,,,,,,"",,"",No
Yumi and the Nightmare Painter,Brandon Sanderson,Aliya Chen (Illustrator),9781938570377,hardcover,read,2024/03/10,2023/08/25,2023/08/25,1,"",,,,,,,5.0,,"",,"",No
"All the World at War: People and Places, 1914-1918",James Charles Roy,"",9781399060325,hardcover,read,2026/04/04,2026/04/04,2026/04/04,1,"",,,,,,,,,"",,"",No
51 Imperfect Solutions: States and the Making of American Constitutional Law,Jeffrey S. Sutton,"",9780190866044,hardcover,read,2024/03/12,2022/06/04,2022/06/04,1,"",,,,,,,5.0,,"",,"",No
"Minecraft: The Unlikely Tale of Markus ""Notch"" Persson and the Game that Changed Everything",Daniel Goldberg,"Jennifer Hawkins, Linus Larsson",9781609805371,hardcover,read,2024/03/03,2013/12/01,2013/12/01,1,"",,,,,,,,,"",,"",No
Who Owns the Future?,Jaron Lanier,"",9781451654967,hardcover,read,2024/03/08,2018/03/28,2018/03/28,1,"",,,,,,,,,"",,"",No
Revolutionary Constitutions: Charismatic Leadership and the Rule of Law,Bruce A. Ackerman,"",,,read,2024/03/10,2019/09/21,2019/09/21,1,"",,,,,,,5.0,,"",,"",No
The Human Use of Human Beings: Cybernetics and Society,Norbert Wiener,"",9780306803208,paperback,read,2024/03/10,2019/02/10,2019/02/10,1,"",,,,,,,,,"",,"",No
We Wish to Inform You That Tomorrow We Will Be Killed with Our Families: Stories from Rwanda,Philip Gourevitch,Rory Stewart (Contributor),9780312243357,paperback,read,2024/03/06,2017/03/05,2017/03/05,1,"",,,,,,,,,"",,"",No
Revenge,A.C. Cobble,"",B0BNSXCQ6Q,digital,read,2024/03/13,2023/02/26,2023/02/26,1,"",,,,,,,,,"",,"",No
Chancellorsville 1863: The Souls of the Brave,Ernest B. Furgurson,"",9780679728313,paperback,read,2025/08/28,2025/08/27,2025/08/27,1,"",,,,,,,,,"",,"",No
Stamped from the Beginning: The Definitive History of Racist Ideas in America,Ibram X. Kendi,"",9781568584638,hardcover,read,2024/03/06,2016/12/19,2016/12/19,1,"",,,,,,,,,"",,"",No
"Rationalism, Pluralism, and Freedom",Jacob T. Levy,"",9780198717140,hardcover,read,2024/03/08,2017/08/21,2017/08/21,1,"",,,,,,,,,"",,"",No
Five Minds for the Future,Howard Gardner,"",9781591399124,hardcover,read,2024/03/02,2010/12/16,2010/12/16,1,"",,,,,,,,,"",,"",No
Scrumban - Essays on Kanban Systems for Lean Software Development,Corey Ladas,"",9780578002149,paperback,read,2024/03/02,2009/07/28,2009/07/28,1,"",,,,,,,,,"",,"",No
"Inferno: The World at War, 1939-1945",Max Hastings,"",9780307273598,hardcover,read,2024/03/12,2021/12/03,2021/12/03,1,"",,,,,,,5.0,,"",,"",No
Adolphe,Benjamin Constant,Leonard Tancock (Translator),9780140441345,paperback,read,2024/03/06,2017/04/16,2017/04/16,1,"",,,,,,,,,"",,"",No
"One Person, One Vote: A Surprising History of Gerrymandering in America",Nick Seabrook,"",9780593315866,hardcover,read,2025/07/06,2025/07/06,2025/07/06,1,"",,,,,,,,,"",,"",No
Not What They Had in Mind: A History of the Policies That Produced the Financial Crisis of 2008 by Arnold Kling,Unknown,"","",paperback,read,2024/03/05,2016/08/03,2016/08/03,1,"",,,,,,,,,"",,"",No
A Queen in Hiding,Sarah Kozloff,"",9781250168542,paperback,read,2024/03/11,2020/09/20,2020/09/20,1,"",,,,,,,,,"",,"",No
The Mere Wife,Maria Dahvana Headley,"",9780374208431,hardcover,read,2024/03/10,2019/12/19,2019/12/19,1,"",,,,,,,,,"",,"",No
Basic Income: And How We Can Make It Happen,Guy Standing,"",9780141985480,paperback,read,2024/03/09,2018/08/23,2018/08/23,1,"",,,,,,,,,"",,"",No
The Zombie Survival Guide: Complete Protection from the Living Dead,Max Brooks,"",9781400049622,paperback,read,2024/03/04,2015/01/26,2015/01/26,1,"",,,,,,,,,"",,"",No
Face of Evil,Lee Goldberg,William Rabkin,2940012193117,digital,read,2024/03/03,2012/07/09,2012/07/09,1,"",,,,,,,,,"",,"",No
Lone Women,Victor LaValle,"",9780525512080,hardcover,read,2024/05/21,2024/05/21,2024/05/21,1,"",,,,,,,5.0,,"",,"",No
Among the Truthers: A Journey Through America's Growing Conspiracist Underground,Jonathan Kay,"",9780062004819,hardcover,read,2024/03/03,2012/08/12,2012/08/12,1,"",,,,,,,,,"",,"",No
The Nation That Never Was: Reconstructing America's Story,Kermit Roosevelt III,"",9780226817613,hardcover,read,2024/03/13,2023/04/30,2023/04/30,1,"",,,,,,,,,"",,"",No
The True Believer: Thoughts on the Nature of Mass Movements,Eric Hoffer,"",9780060505912,paperback,read,2024/03/02,2009/11/11,2009/11/11,1,"",,,,,,,5.0,,"",,"",No
"The Road to Unfreedom: Russia, Europe, America",Timothy Snyder,"",9780525574460,hardcover,read,2024/03/08,2018/06/05,2018/06/05,1,"",,,,,,,,,"",,"",No
Zen and the Art of Motorcycle Maintenance: An Inquiry Into Values,Robert M. Pirsig,"",9780060589462,paperback,read,2024/03/10,2019/05/17,2019/05/17,1,"",,,,,,,5.0,,"",,"",No
The Once and Future King: The Rise of Crown Government in America,F. H. Buckley,"",9781594037191,hardcover,read,2024/03/04,2015/04/07,2015/04/07,1,"",,,,,,,,,"",,"",No
Economics: The User's Guide,Ha-Joon Chang,"",9781620408124,hardcover,read,2024/03/03,2014/06/30,2014/06/30,1,"",,,,,,,5.0,,"",,"",No
The Age of the Unthinkable: Why the New World Disorder Constantly Surprises Us and What We Can Do about It,Joshua Cooper Ramo,"",9780316118088,hardcover,read,2024/03/02,2011/04/21,2011/04/21,1,"",,,,,,,,,"",,"",No
The Journal of William Maclay United States Senator from Pennsylvania 1789 to 1791,William Maclay,Charles A. Beard,9781417917129,paperback,read,2024/03/10,2019/06/30,2019/06/30,1,"",,,,,,,,,"",,"",No
Moonbound,Robin Sloan,"",9780374610609,hardcover,read,2024/08/04,2024/08/04,2024/08/04,1,"",,,,,,,5.0,,"",,"",No
My Ántonia,Willa Cather,"",9781583485095,paperback,read,2024/03/04,2015/08/02,2015/08/02,1,"",,,,,,,5.0,,"",,"",No
The Lean Startup: How Today's Entrepreneurs Use Continuous Innovation to Create Radically Successful Businesses,Eric Ries,"",9780307887894,hardcover,read,2024/03/03,2011/09/24,2011/09/24,1,"",,,,,,,,,"",,"",No
The Facts Behind the Helsinki Roccamatios,Yann Martel,"",9780739455319,paperback,read,2024/03/02,2011/07/09,2011/07/09,1,"",,,,,,,,,"",,"",No
The Autobiography of Malcolm X,Malcolm X,"",9780141032726,paperback,read,2024/03/08,2018/05/20,2018/05/20,1,"",,,,,,,,,"",,"",No
Our First Civil War: Patriots and Loyalists in the American Revolution,H.W. Brands,"",9780385546515,hardcover,read,2024/03/12,2022/03/14,2022/03/14,1,"",,,,,,,,,"",,"",No
Poison Penmanship: The Gentle Art of Muckraking,Jessica Mitford,"",9781590173558,paperback,read,2024/03/02,2011/05/24,2011/05/24,1,"",,,,,,,,,"",,"",No
Green Rider,Kristen Britain,"",9780886778583,paperback,read,2024/03/10,2019/10/18,2019/10/18,1,"",,,,,,,,,"",,"",No
So Damn Much Money: The Triumph of Lobbying and the Corrosion of American Government,Robert G. Kaiser,"",9780307266545,hardcover,read,2024/03/03,2013/11/23,2013/11/23,1,"",,,,,,,,,"",,"",No
Misbehaving: The Making of Behavioral Economics,Richard H. Thaler,"",9780393352795,paperback,read,2024/03/06,2017/02/24,2017/02/24,1,"",,,,,,,,,"",,"",No
The History of the Decline and Fall of the Roman Empire: Volume 1,Edward Gibbon,"",9780140433937,paperback,read,2024/03/10,2019/09/27,2019/09/27,1,"",,,,,,,,,"",,"",No
Future Perfect: The Case for Progress in a Networked Age,Steven Johnson,"",9781594488207,hardcover,read,2024/03/03,2012/12/10,2012/12/10,1,"",,,,,,,,,"",,"",No
The Fractured Republic: Renewing America's Social Contract in the Age of Individualism,Yuval Levin,"",9780465093243,paperback,read,2024/03/05,2016/08/01,2016/08/01,1,"",,,,,,,,,"",,"",No
What Tech Calls Thinking: An Inquiry Into the Intellectual Bedrock of Silicon Valley,Adrian Daub,"",9780374538644,paperback,read,2024/03/11,2020/10/29,2020/10/29,1,"",,,,,,,,,"",,"",No
The War on Normal People: The Truth about America's Disappearing Jobs and Why Universal Basic Income Is Our Future,Andrew Yang,"",9780316414241,hardcover,read,2024/03/10,2019/11/11,2019/11/11,1,"",,,,,,,,,"",,"",No
Of Boys and Men,Richard V. Reeves,"",9781800750548,hardcover,read,2024/08/27,2024/08/27,2024/08/27,1,"",,,,,,,,,"",,"",No
"The Talent Code: Unlocking the Secret of Skill in Sports, Art, Music, Math, and Just About Everything Else",Daniel Coyle,John Farrell,9781598878738,audio,read,2024/03/02,2010/06/07,2010/06/07,1,"",,,,,,,,,"",,"",No
Battle Cry of Freedom: The Civil War Era,James M. McPherson,"",9780195168952,paperback,read,2024/03/08,2017/10/06,2017/10/06,1,"",,,,,,,5.0,,"",,"",No
"The Most Powerful Idea in the World: A Story of Steam, Industry and Invention",William Rosen,"",9781400067053,digital,read,2024/03/03,2011/10/04,2011/10/04,1,"",,,,,,,,,"",,"",No
A Short History of Reconstruction,Eric Foner,"",9780060964313,paperback,read,2024/03/10,2019/09/01,2019/09/01,1,"",,,,,,,,,"",,"",No
Fireside Chats,Franklin D. Roosevelt,"",9780146001000,paperback,read,2024/03/10,2019/06/09,2019/06/09,1,"",,,,,,,,,"",,"",No
Absence Of Mind: The Dispelling Of Inwardness From The Modern Myth Of The Self,Marilynne Robinson,"",9780300145182,digital,read,2024/03/02,2010/10/09,2010/10/09,1,"",,,,,,,,,"",,"",No
The Sunlit Man,Brandon Sanderson,"Kudriaken (Illustrator), Ernanda Souza (Illustrator), Nabetse Zitro (Illustrator)",9781938570391,hardcover,read,2024/03/10,2023/10/08,2023/10/08,1,"",,,,,,,5.0,,"",,"",No
Aurora,Kim Stanley Robinson,"",9780316098106,hardcover,read,2024/03/05,2016/07/30,2016/07/30,1,"",,,,,,,,,"",,"",No
Stalin's War: A New History of World War II,Sean McMeekin,"",9781541672796,hardcover,read,2024/03/10,2024/02/10,2024/02/10,1,"",,,,,,,,,"",,"",No
The OxBow Incident,Walter Van Tilburg Clark,"","",,read,2024/03/11,2020/10/13,2020/10/13,1,"",,,,,,,,,"",,"",No
The Back of the Napkin: Solving Problems and Selling Ideas with Pictures,Dan Roam,"",9781591841999,hardcover,read,2024/03/02,2010/01/02,2010/01/02,1,"",,,,,,,,,"",,"",No
Anything You Want: 40 Lessons for a New Kind of Entrepreneur,Derek Sivers,"",9780698409026,digital,read,2024/03/02,2011/07/12,2011/07/12,1,"",,,,,,,,,"",,"",No
The Absolute Book,Elizabeth Knox,"",9780593296738,hardcover,read,2024/03/13,2022/10/21,2022/10/21,1,"",,,,,,,,,"",,"",No
Melting Pot or Civil War?: A Son of Immigrants Makes the Case Against Open Borders,Reihan Salam,"",9780735216273,hardcover,read,2024/03/09,2018/10/02,2018/10/02,1,"",,,,,,,,,"",,"",No
The Studs Terkel Reader: My American Century,Studs Terkel,"",9781595581778,paperback,read,2024/03/02,2010/02/08,2010/02/08,1,"",,,,,,,,,"",,"",No
Dataclysm: Who We Are,Christian Rudder,"",9780385347372,hardcover,read,2024/03/04,2015/02/07,2015/02/07,1,"",,,,,,,,,"",,"",No
People Who Eat Darkness: The True Story of a Young Woman Who Vanished from the Streets of Tokyo--and the Evil That Swallowed Her Up,Richard Lloyd Parry,"",,paperback,read,2026/01/18,2026/01/15,2026/01/15,1,"",,,,,,,,,"",,"",No
Tales of Belkin and Other Prose Writings,Aleksandr Pushkin,Ronald Wilks (Translator),9780140446753,paperback,read,2024/03/06,2017/03/29,2017/03/29,1,"",,,,,,,,,"",,"",No
"Manage Your Day-To-Day: Build Your Routine, Find Your Focus, and Sharpen Your Creative Mind",Jocelyn K. Glei,Scott Belsky (Contributor),9781477800676,paperback,read,2024/03/03,2013/05/25,2013/05/25,1,"",,,,,,,,,"",,"",No
Presentation Zen: Simple Ideas on Presentation Design and Delivery,Garr Reynolds,"",9780321525659,paperback,read,2024/03/02,2010/01/01,2010/01/01,1,"",,,,,,,,,"",,"",No
Invisible Man,Ralph Ellison,"",9780679732761,paperback,read,2024/03/06,2016/10/14,2016/10/14,1,"",,,,,,,,,"",,"",No
Great Expectations,Charles Dickens,"Margaret Cardwell (Contributor), Kate Flint (Contributor)",9780192833594,paperback,read,2024/03/04,2015/08/21,2015/08/21,1,"",,,,,,,,,"",,"",No
First Among Men: George Washington and the Myth of American Masculinity,Maurizio Valsania,"",9781421444475,hardcover,read,2024/03/13,2022/11/23,2022/11/23,1,"",,,,,,,,,"",,"",No
"The Opposite of Spoiled: Raising Kids Who Are Grounded, Generous, and Smart About Money",Ron Lieber,"","",digital,read,2024/03/04,2015/04/05,2015/04/05,1,"",,,,,,,,,"",,"",No
Annihilation,Jeff VanderMeer,"",9780374104092,paperback,read,2024/03/04,2015/01/02,2015/01/02,1,"",,,,,,,5.0,,"",,"",No
The Chickenshit Club: Why the Justice Department Fails to Prosecute Executives,Jesse Eisinger,"",9781501121364,hardcover,read,2024/03/12,2022/03/05,2022/03/05,1,"",,,,,,,,,"",,"",No
Thinking in Bets: Making Smarter Decisions When You Don't Have All the Facts,Annie Duke,"",9780735216358,hardcover,read,2024/03/12,2022/03/31,2022/03/31,1,"",,,,,,,,,"",,"",No
Moral Man and Immoral Society: Study in Ethics and Politics,Reinhold Niebuhr,Langdon Gilkey,9780664224745,paperback,read,2024/03/06,2016/11/13,2016/11/13,1,"",,,,,,,,,"",,"",No
Essays on Economics and Economists,R.H. Coase,"",9780226111032,paperback,read,2024/03/04,2015/02/08,2015/02/08,1,"",,,,,,,,,"",,"",No
Iron Curtain: The Crushing of Eastern Europe 1944-1956,Anne Applebaum,"",9780385515696,hardcover,read,2024/03/11,2020/05/26,2020/05/26,1,"",,,,,,,,,"",,"",No
36 Arguments for the Existence of God: A Work of Fiction,Rebecca Newberger Goldstein,"",9780307378187,hardcover,read,2024/03/02,2011/03/16,2011/03/16,1,"",,,,,,,,,"",,"",No
Touched with Fire: The Land War in the South Pacific,Eric M. Bergerud,"",9780140246964,paperback,read,2024/03/12,2021/04/30,2021/04/30,1,"",,,,,,,,,"",,"",No
The Snakehead: An Epic Tale of the Chinatown Underworld and the American Dream,Patrick Radden Keefe,"",9780385521307,hardcover,read,2024/03/10,2023/07/21,2023/07/21,1,"",,,,,,,5.0,,"",,"",No
"The 36-Hour Day: A Family Guide to Caring for People with Alzheimer Disease, Other Dementias, and Memory Loss in Later Life",Nancy L. Mace,Peter V. Rabins,9780801885099,paperback,read,2024/03/13,2022/12/17,2022/12/17,1,"",,,,,,,5.0,,"",,"",No
The Price of Federalism,Paul E. Peterson,"",9780815770237,paperback,read,2024/03/13,2022/10/21,2022/10/21,1,"",,,,,,,,,"",,"",No
Copperheads: The Rise and Fall of Lincoln's Opponents in the North,Jennifer L. Weber,"",9780195306682,hardcover,read,2024/03/03,2012/01/14,2012/01/14,1,"",,,,,,,,,"",,"",No
"The Economists' Hour: False Prophets, Free Markets, and the Fracture of Society",Binyamin Appelbaum,"",9780316512329,hardcover,read,2024/03/10,2019/10/02,2019/10/02,1,"",,,,,,,,,"",,"",No
"Little Rice: Smartphones, Xiaomi, and the Chinese Dream",Clay Shirky,"",9780990976325,paperback,read,2024/03/04,2016/01/05,2016/01/05,1,"",,,,,,,,,"",,"",No
The Dark Knight Strikes Again,Frank Miller,Lynn Varley (Illustrator),9781563899294,paperback,read,2024/03/03,2013/06/23,2013/06/23,1,"",,,,,,,,,"",,"",No
The Thrilling Adventures of Lovelace and Babbage,Sydney Padua,"","",hardcover,read,2024/03/04,2015/09/20,2015/09/20,1,"",,,,,,,,,"",,"",No
When We Were Orphans,Kazuo Ishiguro,Michael Maloney (Narrator),9780571225408,paperback,read,2024/03/08,2017/05/03,2017/05/03,1,"",,,,,,,5.0,,"",,"",No
